Device,Cpu threads,Grid,Max fractal iterations,Time steps,Weight field time,Weight range reduction time,Initialization time,Pure dynamics compute time,Statistics time,CSV write time,Dynamics loop wall time,Total measured wall time,Pure dynamics performance,Loop end-to-end performance
acc_cpu,32,4000 x 4000,4000,200,0.194767,0.000902488,0.00335974,0.786849,0.00372138,3.3711e-05,0.790678,0.989707,4.06279,4.04312
acc_cpu,32,4000 x 4000,4000,200,0.195268,0.000852883,0.00315993,0.784908,0.00367488,3.9788e-05,0.788684,0.987966,4.07283,4.05333
acc_cpu,32,4000 x 4000,4000,200,0.194798,0.000904424,0.00334234,0.799319,0.00375863,3.7481e-05,0.803185,1.00223,3.9994,3.98015
acc_cpu,16,4000 x 4000,4000,200,0.380051,0.000891371,0.00295589,0.8185,0.0043438,4.1362e-05,0.822948,1.20685,3.90568,3.88457
acc_cpu,16,4000 x 4000,4000,200,0.380123,0.000888651,0.00312273,0.816926,0.00434523,3.7117e-05,0.821374,1.20551,3.91321,3.89202
acc_cpu,16,4000 x 4000,4000,200,0.382445,0.000870104,0.00287921,0.817283,0.00447161,3.5256e-05,0.821847,1.20804,3.9115,3.88977
acc_cpu,8,4000 x 4000,4000,200,0.653499,0.00104562,0.00389949,1.01707,0.00704652,3.5089e-05,1.02422,1.68266,3.14315,3.12121
acc_cpu,8,4000 x 4000,4000,200,0.65334,0.00109388,0.00389747,1.01528,0.00724661,3.5713e-05,1.02265,1.68098,3.14868,3.126
acc_cpu,8,4000 x 4000,4000,200,0.656524,0.0010763,0.0038971,1.00971,0.00716047,3.469e-05,1.01699,1.67849,3.16605,3.1434
acc_cpu,4,4000 x 4000,4000,200,1.28092,0.00160142,0.00547508,1.37215,0.0131375,3.4885e-05,1.38539,2.67338,2.32978,2.30752
acc_cpu,4,4000 x 4000,4000,200,1.28089,0.00159697,0.00558428,1.4033,0.0132837,3.5239e-05,1.4167,2.70477,2.27805,2.25651
acc_cpu,4,4000 x 4000,4000,200,1.28184,0.00161213,0.00550463,1.38627,0.0131899,4.1626e-05,1.39957,2.68853,2.30605,2.28414
acc_cpu,2,4000 x 4000,4000,200,2.21718,0.00263565,0.00838294,2.17711,0.0255533,3.6929e-05,2.20275,4.43095,1.46837,1.45128
acc_cpu,2,4000 x 4000,4000,200,2.2196,0.00259388,0.00836664,2.17269,0.0255643,3.7885e-05,2.19834,4.4289,1.47135,1.45419
acc_cpu,2,4000 x 4000,4000,200,2.21676,0.0025382,0.00822479,2.13624,0.02543,3.8455e-05,2.16178,4.38931,1.49646,1.47878
acc_cpu,1,4000 x 4000,4000,200,4.37597,0.00459647,0.0138286,3.67989,0.049825,3.343e-05,3.72981,8.1242,0.868723,0.857095
acc_cpu,1,4000 x 4000,4000,200,4.37658,0.00483198,0.0143936,3.87652,0.0506593,3.4353e-05,3.92728,8.32309,0.824657,0.813998
acc_cpu,1,4000 x 4000,4000,200,4.37643,0.00479804,0.0145077,3.84198,0.0504764,3.7585e-05,3.89255,8.28828,0.832071,0.821262
acc_cpu,1,4000 x 4000,4000,200,4.37885,0.00475867,0.0141174,3.77302,0.0502076,3.6735e-05,3.82334,8.22106,0.847279,0.836128
acc_cpu,1,4000 x 4000,4000,200,4.37692,0.00464059,0.0140538,3.73058,0.0500265,3.4925e-05,3.78068,8.1763,0.856919,0.845562
acc_cpu,2,4000 x 4000,4000,200,2.21678,0.00261114,0.00830592,2.16728,0.0255097,3.4231e-05,2.19288,4.42057,1.47503,1.45781
acc_cpu,2,4000 x 4000,4000,200,2.21929,0.00272821,0.00857863,2.24894,0.0259322,4.3123e-05,2.27497,4.50557,1.42147,1.4052
acc_cpu,4,4000 x 4000,4000,200,1.28153,0.001609,0.00552108,1.38819,0.0131586,4.1673e-05,1.40144,2.6901,2.30286,2.28109
acc_cpu,4,4000 x 4000,4000,200,1.28109,0.00172742,0.00564572,1.42328,0.0135861,3.5572e-05,1.43697,2.72543,2.24607,2.22468
acc_cpu,8,4000 x 4000,4000,200,0.654065,0.00102782,0.00389597,1.01102,0.00697681,3.4739e-05,1.0181,1.67709,3.16196,3.13996
acc_cpu,8,4000 x 4000,4000,200,0.654939,0.00104055,0.00391309,1.01527,0.00703293,3.254e-05,1.02245,1.68235,3.14871,3.12659
acc_cpu,16,4000 x 4000,4000,200,0.379947,0.00088834,0.00291011,0.815019,0.00433902,3.8743e-05,0.819479,1.20322,3.92236,3.90102
acc_cpu,16,4000 x 4000,4000,200,0.379992,0.000898621,0.00293764,0.820598,0.00439033,3.8708e-05,0.825101,1.20893,3.8957,3.87443
acc_cpu,32,4000 x 4000,4000,200,0.195309,0.000874708,0.0033171,0.789222,0.00367777,3.7542e-05,0.793008,0.992508,4.05057,4.03124
acc_cpu,32,4000 x 4000,4000,200,0.194567,0.000874694,0.00307651,0.786751,0.00368999,3.6809e-05,0.790547,0.989066,4.0633,4.04378
acc_gpu,,4000 x 4000,4000,200,0.00345185,0.000295632,0.000164624,0.0458563,0.00075637,2.6997e-05,0.0466865,0.0505988,69.7134,68.4737
acc_gpu,,4000 x 4000,4000,200,0.00347678,0.000296686,0.000164857,0.0459196,0.000769325,2.3758e-05,0.0467562,0.0506947,69.6174,68.3717
acc_gpu,,4000 x 4000,4000,200,0.00340115,0.000289835,0.000164879,0.0458502,0.000762166,2.5674e-05,0.0466831,0.0505392,69.7227,68.4787
acc_gpu,,4000 x 4000,4000,200,0.00345293,0.000285266,0.000164455,0.0458864,0.000767273,2.4834e-05,0.0467209,0.0506237,69.6677,68.4234
acc_gpu,,4000 x 4000,4000,200,0.00346925,0.000285416,0.000165096,0.0459023,0.000761071,2.4058e-05,0.0467302,0.0506501,69.6436,68.4097
cpp,,4000 x 4000,4000,200,4.35749,0.0186203,0.0140964,3.89607,0.0482815,4.1026e-05,3.9445,8.3347,0.820519,0.810446
cpp,,4000 x 4000,4000,200,4.35756,0.0185203,0.0141195,3.911,0.0481,3.8131e-05,3.95921,8.3494,0.817387,0.807435
cpp,,4000 x 4000,4000,200,4.35761,0.0185554,0.013882,3.80102,0.0477055,3.5396e-05,3.84882,8.23887,0.841037,0.830593
cpp,,4000 x 4000,4000,200,4.35785,0.0186218,0.0142171,3.9494,0.0485165,3.9472e-05,3.99804,8.38872,0.809439,0.799593
cpp,,4000 x 4000,4000,200,4.35798,0.0186256,0.0144849,3.96131,0.0482368,3.4862e-05,4.00967,8.40076,0.807005,0.797273
cuda,,4000 x 4000,4000,200,0.00354997,0.000117116,0.000179653,0.0442899,0.000319353,2.6585e-05,0.0446924,0.0485394,72.1789,71.529
cuda,,4000 x 4000,4000,200,0.00348666,0.000115183,0.000180168,0.0442775,0.000318703,2.6532e-05,0.0446837,0.0484659,72.1992,71.5429
cuda,,4000 x 4000,4000,200,0.0035977,0.00012191,0.000180734,0.0443484,0.000317297,2.6472e-05,0.0447392,0.0486397,72.0838,71.4542
cuda,,4000 x 4000,4000,200,0.00357294,0.000116601,0.000178945,0.0442347,0.000313301,2.4593e-05,0.0446261,0.0484948,72.269,71.6352
cuda,,4000 x 4000,4000,200,0.00357407,0.000121963,0.000179738,0.0442418,0.000318608,2.6054e-05,0.0446401,0.0485161,72.2575,71.6127
omp,32,4000 x 4000,4000,200,0.144236,0.000798278,0.00308973,0.788243,0.0037244,3.4588e-05,0.792101,0.940225,4.0556,4.03585
omp,32,4000 x 4000,4000,200,0.144054,0.000816983,0.00312054,0.791753,0.00381957,3.9587e-05,0.795721,0.943713,4.03763,4.01749
omp,32,4000 x 4000,4000,200,0.144357,0.00119153,0.00311464,0.787963,0.0036923,3.6852e-05,0.79176,0.940424,4.05704,4.03759
omp,16,4000 x 4000,4000,200,0.284808,0.000898516,0.00373649,0.913839,0.00445511,4.1365e-05,0.918461,1.2079,3.49821,3.48061
omp,16,4000 x 4000,4000,200,0.284872,0.000897066,0.00370643,0.90807,0.00429804,3.6243e-05,0.9125,1.20198,3.52044,3.50335
omp,16,4000 x 4000,4000,200,0.284935,0.000879345,0.00373851,0.91535,0.00444703,3.4233e-05,0.919928,1.20948,3.49244,3.47506
omp,8,4000 x 4000,4000,200,0.552527,0.00106247,0.00524117,1.16767,0.0071283,3.6554e-05,1.17491,1.73374,2.73777,2.72089
omp,8,4000 x 4000,4000,200,0.553192,0.00104842,0.00524777,1.17009,0.007216,3.513e-05,1.17742,1.73691,2.7321,2.71508
omp,8,4000 x 4000,4000,200,0.552497,0.00110975,0.00528147,1.17002,0.00723215,3.8287e-05,1.17741,1.73629,2.73225,2.71512
omp,4,4000 x 4000,4000,200,1.10046,0.00159829,0.00960048,1.77317,0.0132411,4.0535e-05,1.78655,2.89821,1.80288,1.78937
omp,4,4000 x 4000,4000,200,1.10075,0.00156649,0.00960352,1.73551,0.0130578,3.2847e-05,1.74868,2.86059,1.84199,1.82813
omp,4,4000 x 4000,4000,200,1.10075,0.00154327,0.00959953,1.77341,0.0131899,4.1344e-05,1.78674,2.89863,1.80263,1.78918
omp,2,4000 x 4000,4000,200,2.19767,0.00254232,0.0190299,3.27039,0.0252771,3.8935e-05,3.29581,5.51505,0.977497,0.96996
omp,2,4000 x 4000,4000,200,2.19669,0.00254347,0.0190509,3.20233,0.02513,3.7974e-05,3.22758,5.44587,0.998275,0.990462
omp,2,4000 x 4000,4000,200,2.22218,0.00259496,0.0190308,3.29746,0.0254723,4.1217e-05,3.32308,5.56689,0.969474,0.961998
omp,1,4000 x 4000,4000,200,4.39056,0.0047505,0.0378797,6.48938,0.0505551,3.4464e-05,6.54005,10.9732,0.49262,0.488803
omp,1,4000 x 4000,4000,200,4.38961,0.00471924,0.0378556,6.39223,0.0501139,3.4103e-05,6.44246,10.8746,0.500108,0.496208
omp,1,4000 x 4000,4000,200,4.39123,0.00486434,0.0378779,6.39875,0.0503928,3.7042e-05,6.44926,10.8832,0.499598,0.495685
omp,1,4000 x 4000,4000,200,4.39145,0.00477479,0.0378811,6.37627,0.0502188,3.7161e-05,6.42661,10.8607,0.501359,0.497432
omp,1,4000 x 4000,4000,200,4.39308,0.00485829,0.0379415,6.42004,0.0504123,3.7307e-05,6.47057,10.9065,0.497941,0.494052
omp,2,4000 x 4000,4000,200,2.19675,0.00257011,0.0190006,3.21473,0.0251958,3.6103e-05,3.24003,5.45835,0.994423,0.986657
omp,2,4000 x 4000,4000,200,2.19635,0.00257602,0.0190117,3.26119,0.0253014,3.7923e-05,3.28662,5.50456,0.980255,0.972671
omp,4,4000 x 4000,4000,200,1.09919,0.00158363,0.00959338,1.77045,0.0131402,3.7325e-05,1.78373,2.8941,1.80564,1.7922
omp,4,4000 x 4000,4000,200,1.09935,0.00158033,0.0095974,1.75316,0.0131443,3.7719e-05,1.76642,2.87695,1.82345,1.80976
omp,8,4000 x 4000,4000,200,0.552167,0.00106731,0.00522065,1.15774,0.00706969,3.8652e-05,1.16493,1.72339,2.76123,2.7442
omp,8,4000 x 4000,4000,200,0.551592,0.00107503,0.00520383,1.15504,0.00712335,3.8272e-05,1.16229,1.72016,2.7677,2.75043
omp,16,4000 x 4000,4000,200,0.284804,0.00090757,0.00372818,0.909746,0.00435711,3.4347e-05,0.914238,1.20368,3.51395,3.49669
omp,16,4000 x 4000,4000,200,0.285422,0.000897457,0.00371582,0.913318,0.00434641,3.8607e-05,0.917802,1.20784,3.50021,3.4831
omp,32,4000 x 4000,4000,200,0.144428,0.000803401,0.00313018,0.786156,0.00371608,3.9903e-05,0.790012,0.938374,4.06637,4.04652
omp,32,4000 x 4000,4000,200,0.144415,0.00079445,0.00304336,0.783405,0.0036861,4.2806e-05,0.787235,0.935488,4.08065,4.0608
acc_cpu,32,1000 x 1000,4000,200,0.0140718,1.0249e-05,8.251e-05,0.0069085,9.8778e-05,1.6091e-05,0.00703248,0.0211973,28.8342,28.3258
acc_cpu,32,1000 x 1000,4000,200,0.0176675,1.6633e-05,0.000679566,0.0104987,0.00018914,1.6903e-05,0.0107212,0.0290851,18.9739,18.5801
acc_cpu,32,1000 x 1000,4000,200,0.0129931,1.0611e-05,0.000105845,0.00779591,0.000100278,1.796e-05,0.00792847,0.0210383,25.552,25.1247
acc_cpu,32,1000 x 1000,4000,200,0.0129171,1.0803e-05,0.000155781,0.00812092,0.000101625,1.7968e-05,0.00825785,0.0213417,24.5294,24.1226
acc_cpu,32,1000 x 1000,4000,200,0.0129623,1.0624e-05,9.315e-05,0.00833593,9.887e-05,1.6885e-05,0.0084606,0.0215269,23.8966,23.5445
acc_cpu,32,12000 x 12000,4000,200,1.70848,0.00778541,0.0270143,7.3824,0.0300541,3.2722e-05,7.41254,9.15581,3.89987,3.88401
acc_cpu,32,12000 x 12000,4000,200,1.70894,0.00779724,0.0274849,7.49873,0.0306076,4.1549e-05,7.52942,9.27365,3.83937,3.82372
acc_cpu,32,12000 x 12000,4000,200,1.71437,0.00771821,0.0265146,7.67308,0.0302587,4.2114e-05,7.70343,9.45203,3.75213,3.73735
acc_cpu,32,12000 x 12000,4000,200,1.70705,0.00851705,0.0309235,7.70861,0.0304996,3.7425e-05,7.73918,9.48567,3.73484,3.72008
acc_cpu,32,12000 x 12000,4000,200,1.71444,0.00782303,0.0272873,7.44474,0.0305026,3.8197e-05,7.47533,9.22488,3.86722,3.85139
acc_cpu,32,16000 x 16000,4000,200,3.02359,0.0133123,0.0497112,13.5591,0.0529883,3.7109e-05,13.6121,16.6988,3.77512,3.76041
acc_cpu,32,16000 x 16000,4000,200,3.03088,0.0132812,0.0499826,14.2924,0.0540102,3.9387e-05,14.3465,17.4406,3.58144,3.56793
acc_cpu,32,16000 x 16000,4000,200,3.03929,0.0156507,0.0550249,14.0621,0.0544375,3.7578e-05,14.1166,17.2265,3.64009,3.62604
acc_cpu,32,16000 x 16000,4000,200,3.03734,0.014764,0.0542112,14.6843,0.0548175,3.6629e-05,14.7392,17.8455,3.48584,3.47286
acc_cpu,32,16000 x 16000,4000,200,3.04341,0.0157109,0.0539716,13.6072,0.0542056,3.8714e-05,13.6614,16.7745,3.76178,3.74684
acc_cpu,32,2000 x 2000,4000,200,0.0498171,3.5596e-05,0.000343637,0.119663,0.000438885,2.6785e-05,0.120145,0.170342,6.6721,6.64531
acc_cpu,32,2000 x 2000,4000,200,0.049862,4.4357e-05,0.000391113,0.120401,0.00043519,3.3196e-05,0.120896,0.171194,6.63119,6.60403
acc_cpu,32,2000 x 2000,4000,200,0.0498956,3.0369e-05,0.000359445,0.118267,0.000438274,2.7032e-05,0.118747,0.169033,6.75081,6.72355
acc_cpu,32,2000 x 2000,4000,200,0.0498993,3.4729e-05,0.000323774,0.117721,0.000433903,2.8852e-05,0.118223,0.168481,6.78215,6.75333
acc_cpu,32,2000 x 2000,4000,200,0.0500459,3.202e-05,0.000308679,0.119081,0.000443576,3.0738e-05,0.119587,0.169974,6.70469,6.67632
acc_cpu,32,500 x 500,4000,200,0.0054457,6.224e-06,0.000117111,0.00282853,3.1904e-05,1.7063e-05,0.00289234,0.00846159,17.5359,17.149
acc_cpu,32,500 x 500,4000,200,0.00999373,7.102e-06,0.000127044,0.00304013,3.1231e-05,2.1101e-05,0.00311228,0.0132404,16.3153,15.9371
acc_cpu,32,500 x 500,4000,200,0.0063269,6.265e-06,0.000137828,0.00290549,3.1075e-05,1.6488e-05,0.00296578,0.00943696,17.0714,16.7244
acc_cpu,32,500 x 500,4000,200,0.00718141,6.16e-06,0.000109948,0.00277393,3.1687e-05,1.6476e-05,0.0028347,0.0101325,17.8811,17.4977
acc_cpu,32,500 x 500,4000,200,0.00554051,6.399e-06,0.000127716,0.0032366,3.2683e-05,1.7749e-05,0.00330411,0.00897898,15.3249,15.0118
acc_cpu,32,6000 x 6000,4000,200,0.432935,0.002683,0.00641695,1.77195,0.00789763,3.7376e-05,1.77991,2.22195,4.06062,4.04245
acc_cpu,32,6000 x 6000,4000,200,0.433787,0.00265896,0.00662785,1.77182,0.00766059,3.5989e-05,1.77955,2.22262,4.06091,4.04327
acc_cpu,32,6000 x 6000,4000,200,0.433114,0.00279106,0.0077856,1.7624,0.00761577,3.8793e-05,1.7701,2.21379,4.08261,4.06485
acc_cpu,32,6000 x 6000,4000,200,0.43435,0.00269714,0.00631183,1.76244,0.00780559,3.8311e-05,1.77032,2.21368,4.08253,4.06436
acc_cpu,32,6000 x 6000,4000,200,0.434444,0.00268361,0.00658405,1.76801,0.0079031,3.7207e-05,1.77598,2.21969,4.06966,4.0514
acc_cpu,32,8000 x 8000,4000,200,0.762359,0.00396031,0.0115385,3.20149,0.0135702,3.5274e-05,3.21513,3.99298,3.99614,3.97919
acc_cpu,32,8000 x 8000,4000,200,0.761691,0.00398533,0.0130262,3.2293,0.0143828,3.6195e-05,3.24376,4.02246,3.96172,3.94407
acc_cpu,32,8000 x 8000,4000,200,0.765723,0.00394264,0.0118503,3.24665,0.0139173,3.5514e-05,3.26062,4.04214,3.94055,3.92367
acc_cpu,32,8000 x 8000,4000,200,0.765116,0.00394274,0.0117241,3.24063,0.0137315,3.6397e-05,3.25442,4.0352,3.94788,3.93114
acc_cpu,32,8000 x 8000,4000,200,0.765121,0.00422513,0.0120258,3.23037,0.0138571,3.7683e-05,3.2443,4.02567,3.96041,3.94341
acc_cpu,32,4000 x 4000,1000,200,0.192575,0.000904309,0.00315801,0.786288,0.00367919,3.0952e-05,0.790028,0.986666,4.06569,4.04644
acc_cpu,32,4000 x 4000,1000,200,0.193085,0.000876179,0.00294111,0.79018,0.0037053,3.3508e-05,0.793953,0.990855,4.04566,4.02644
acc_cpu,32,4000 x 4000,1000,200,0.193311,0.000886726,0.00290032,0.788125,0.00380929,3.3114e-05,0.791983,0.989081,4.05621,4.03645
acc_cpu,32,4000 x 4000,1000,200,0.193314,0.000872199,0.0031578,0.785964,0.00380391,3.5385e-05,0.789837,0.987181,4.06736,4.04742
acc_cpu,32,4000 x 4000,1000,200,0.193373,0.000886065,0.00325541,0.788806,0.00371837,3.4843e-05,0.792591,0.990106,4.05271,4.03335
acc_cpu,32,4000 x 4000,100,200,0.161907,0.000878561,0.00310211,0.785843,0.00365097,3.9201e-05,0.789562,0.95545,4.06799,4.04883
acc_cpu,32,4000 x 4000,100,200,0.162031,0.000867612,0.00319053,0.79138,0.00369981,3.7345e-05,0.79517,0.961259,4.03953,4.02027
acc_cpu,32,4000 x 4000,100,200,0.162197,0.000890864,0.00333077,0.786654,0.00368491,3.3431e-05,0.790387,0.956805,4.0638,4.0446
acc_cpu,32,4000 x 4000,100,200,0.162358,0.000856072,0.00290745,0.784984,0.00365654,3.5501e-05,0.788709,0.954831,4.07244,4.05321
acc_cpu,32,4000 x 4000,100,200,0.16252,0.000883682,0.00339204,0.788296,0.00373934,3.6025e-05,0.792099,0.958895,4.05533,4.03586
acc_cpu,32,4000 x 4000,16000,200,0.193135,0.000895961,0.00304763,0.787754,0.00371042,3.0331e-05,0.791526,0.988605,4.05812,4.03878
acc_cpu,32,4000 x 4000,16000,200,0.193437,0.00086616,0.0029107,0.791003,0.00383595,3.4669e-05,0.794919,0.992133,4.04145,4.02154
acc_cpu,32,4000 x 4000,16000,200,0.193258,0.000895445,0.00325048,0.788874,0.00378602,3.1978e-05,0.792708,0.990113,4.05236,4.03276
acc_cpu,32,4000 x 4000,16000,200,0.193146,0.000882263,0.00297854,0.784815,0.0036759,3.3726e-05,0.788555,0.985561,4.07332,4.054
acc_cpu,32,4000 x 4000,16000,200,0.193375,0.00091516,0.00314566,0.805567,0.00379061,3.7867e-05,0.809425,1.00686,3.96838,3.94947
acc_cpu,32,4000 x 4000,2000,200,0.192926,0.00087823,0.00302046,0.785543,0.00369999,3.3418e-05,0.78931,0.986134,4.06954,4.05012
acc_cpu,32,4000 x 4000,2000,200,0.192673,0.000940144,0.00309155,0.791269,0.00373733,3.3878e-05,0.795073,0.991777,4.04009,4.02077
acc_cpu,32,4000 x 4000,2000,200,0.193493,0.000905176,0.00327999,0.786742,0.00424183,3.1322e-05,0.79103,0.988708,4.06334,4.04131
acc_cpu,32,4000 x 4000,2000,200,0.193008,0.000825196,0.00307572,0.785376,0.00381378,3.9021e-05,0.78926,0.986168,4.07041,4.05038
acc_cpu,32,4000 x 4000,2000,200,0.19358,0.000905189,0.00310773,0.788887,0.00380199,3.5067e-05,0.792752,0.990345,4.05229,4.03253
acc_cpu,32,4000 x 4000,250,200,0.192135,0.000882377,0.00285113,0.786494,0.00367356,2.9823e-05,0.790228,0.986096,4.06462,4.04542
acc_cpu,32,4000 x 4000,250,200,0.192363,0.000867601,0.00315093,0.789895,0.003887,3.3697e-05,0.793851,0.990232,4.04712,4.02696
acc_cpu,32,4000 x 4000,250,200,0.194709,0.000887978,0.00313043,0.803343,0.00371149,3.2167e-05,0.807102,1.00583,3.97937,3.96084
acc_cpu,32,4000 x 4000,250,200,0.192958,0.000863396,0.00314079,0.785974,0.00366389,3.1739e-05,0.789703,0.986666,4.06731,4.0481
acc_cpu,32,4000 x 4000,250,200,0.192984,0.000878542,0.00305081,0.787898,0.00369545,3.6399e-05,0.791661,0.988574,4.05738,4.03809
acc_cpu,32,4000 x 4000,500,200,0.192613,0.000884913,0.00287471,0.786832,0.00366737,3.3555e-05,0.790564,0.986937,4.06288,4.0437
acc_cpu,32,4000 x 4000,500,200,0.192896,0.000884463,0.00310567,0.79075,0.00370747,3.5655e-05,0.794525,0.991411,4.04274,4.02354
acc_cpu,32,4000 x 4000,500,200,0.193285,0.000892868,0.00325798,0.807378,0.00370135,3.4584e-05,0.811129,1.00857,3.95949,3.94117
acc_cpu,32,4000 x 4000,500,200,0.193463,0.000877528,0.00291837,0.787967,0.00367176,3.411e-05,0.791709,0.988968,4.05703,4.03785
acc_cpu,32,4000 x 4000,500,200,0.193411,0.000871337,0.00292871,0.788401,0.00370946,3.4795e-05,0.792175,0.989386,4.05479,4.03547
acc_cpu,32,4000 x 4000,50,200,0.0861301,0.000851828,0.00289509,0.784557,0.00367315,3.0678e-05,0.788292,0.878169,4.07466,4.05535
acc_cpu,32,4000 x 4000,50,200,0.0861761,0.000852233,0.00290847,0.790271,0.00373816,3.5209e-05,0.794079,0.884016,4.04519,4.0258
acc_cpu,32,4000 x 4000,50,200,0.0860731,0.000878997,0.00292702,0.785576,0.00377137,2.9282e-05,0.789406,0.879286,4.06937,4.04963
acc_cpu,32,4000 x 4000,50,200,0.0878118,0.000854535,0.00293685,0.785036,0.00376455,3.8219e-05,0.788873,0.880476,4.07217,4.05236
acc_cpu,32,4000 x 4000,50,200,0.0902285,0.000871598,0.00329961,0.789225,0.00377364,3.9862e-05,0.79307,0.88747,4.05056,4.03092
acc_cpu,32,4000 x 4000,8000,200,0.192977,0.000887013,0.00311346,0.787115,0.00365462,3.1123e-05,0.790834,0.987811,4.06142,4.04232
acc_cpu,32,4000 x 4000,8000,200,0.192892,0.000888276,0.00340406,0.789934,0.00373815,3.2004e-05,0.793734,0.990919,4.04692,4.02755
acc_cpu,32,4000 x 4000,8000,200,0.193531,0.000897316,0.00318784,0.789162,0.00371719,3.4613e-05,0.792935,0.990551,4.05088,4.03161
acc_cpu,32,4000 x 4000,8000,200,0.193235,0.000864868,0.00314986,0.785971,0.00381124,3.7605e-05,0.789878,0.987128,4.06733,4.04721
acc_cpu,32,4000 x 4000,8000,200,0.193754,0.000866379,0.00291717,0.799786,0.00385717,3.555e-05,0.803708,1.00125,3.99707,3.97757
acc_cpu,32,4000 x 4000,4000,1000,0.192783,0.000876126,0.00291101,4.01072,0.00374144,3.4846e-05,4.01461,4.21118,3.98532,3.98146
acc_cpu,32,4000 x 4000,4000,1000,0.192554,0.000877363,0.00315844,4.06487,0.00378519,4.0445e-05,4.06882,4.26541,3.93223,3.92841
acc_cpu,32,4000 x 4000,4000,1000,0.193667,0.000877195,0.00345868,4.06683,0.0036788,3.5176e-05,4.0706,4.2686,3.93034,3.9267
acc_cpu,32,4000 x 4000,4000,1000,0.193364,0.000863063,0.00292496,4.01528,0.00371554,3.7901e-05,4.01916,4.21631,3.98079,3.97696
acc_cpu,32,4000 x 4000,4000,1000,0.193422,0.000888385,0.00294581,4.05416,0.00384921,3.8586e-05,4.05817,4.25543,3.94261,3.93872
acc_cpu,32,4000 x 4000,4000,100,0.192802,0.000888702,0.00317255,0.392853,0.00366646,2.9778e-05,0.396569,0.593432,4.0687,4.03057
acc_cpu,32,4000 x 4000,4000,100,0.19275,0.000870617,0.00317159,0.394892,0.00368546,3.389e-05,0.398634,0.595426,4.04769,4.0097
acc_cpu,32,4000 x 4000,4000,100,0.193416,0.000882737,0.00294224,0.392343,0.00368045,3.694e-05,0.396071,0.593312,4.07399,4.03564
acc_cpu,32,4000 x 4000,4000,100,0.193214,0.00087163,0.00307785,0.393202,0.00365542,3.6218e-05,0.396916,0.594079,4.06509,4.02705
acc_cpu,32,4000 x 4000,4000,100,0.193176,0.000884607,0.00322126,0.393547,0.0037719,3.5892e-05,0.397374,0.594657,4.06152,4.02241
acc_cpu,32,4000 x 4000,4000,10,0.192604,0.000873835,0.00329321,0.0393223,0.00368515,3.2625e-05,0.043049,0.23982,4.06487,3.71298
acc_cpu,32,4000 x 4000,4000,10,0.192499,0.000875755,0.00314805,0.0404098,0.00376397,3.326e-05,0.0442164,0.24074,3.95548,3.61495
acc_cpu,32,4000 x 4000,4000,10,0.193329,0.000885277,0.00308511,0.0392648,0.00373716,2.9207e-05,0.0430396,0.240339,4.07082,3.71379
acc_cpu,32,4000 x 4000,4000,10,0.193416,0.000872116,0.00306769,0.039378,0.00396403,3.7086e-05,0.0433878,0.240743,4.05912,3.68399
acc_cpu,32,4000 x 4000,4000,10,0.193384,0.000864206,0.00292445,0.0394423,0.00369702,3.4559e-05,0.0431835,0.240357,4.0525,3.70141
acc_cpu,32,4000 x 4000,4000,1,0.192878,0.000880298,0.0030311,0.00405167,0.00367306,3.2862e-05,0.0077655,0.204555,3.94504,2.05834
acc_cpu,32,4000 x 4000,4000,1,0.211476,0.000873021,0.00291861,0.0041132,0.00368969,3.3948e-05,0.00784602,0.223114,3.88603,2.03721
acc_cpu,32,4000 x 4000,4000,1,0.193197,0.000884833,0.0033306,0.00407806,0.00365598,2.8823e-05,0.00777032,0.205183,3.91951,2.05706
acc_cpu,32,4000 x 4000,4000,1,0.193471,0.000869574,0.00324096,0.00407002,0.00374445,3.3302e-05,0.00785657,0.205439,3.92725,2.03448
acc_cpu,32,4000 x 4000,4000,1,0.193781,0.000880513,0.00311629,0.00409487,0.00376286,3.1496e-05,0.00789906,0.205677,3.90342,2.02353
acc_cpu,32,4000 x 4000,4000,25,0.192839,0.000894954,0.00288656,0.0986017,0.00378592,3.1077e-05,0.102428,0.299049,4.05267,3.90126
acc_cpu,32,4000 x 4000,4000,25,0.193056,0.000909296,0.00310799,0.0988318,0.00374101,3.2164e-05,0.102615,0.299689,4.04324,3.89417
acc_cpu,32,4000 x 4000,4000,25,0.193602,0.000877806,0.00288373,0.0980382,0.00386937,3.1042e-05,0.101946,0.29931,4.07596,3.91972
acc_cpu,32,4000 x 4000,4000,25,0.193573,0.000873373,0.00287597,0.0990984,0.00372758,3.0944e-05,0.102867,0.30019,4.03236,3.88462
acc_cpu,32,4000 x 4000,4000,25,0.193269,0.000886332,0.00325866,0.0999342,0.0037401,3.1391e-05,0.103717,0.301131,3.99863,3.85281
acc_cpu,32,4000 x 4000,4000,500,0.192659,0.000896493,0.00308813,1.97835,0.00370767,3.5642e-05,1.98216,2.1788,4.03973,4.03196
acc_cpu,32,4000 x 4000,4000,500,0.192836,0.000868405,0.00326261,2.00567,0.00376857,4.3009e-05,2.00956,2.20652,3.9847,3.977
acc_cpu,32,4000 x 4000,4000,500,0.193523,0.000877649,0.00294888,2.01185,0.00372755,3.1839e-05,2.01564,2.21299,3.97247,3.965
acc_cpu,32,4000 x 4000,4000,500,0.193282,0.000857599,0.00294234,1.98618,0.00370025,3.6044e-05,1.99,2.18709,4.02381,4.01607
acc_cpu,32,4000 x 4000,4000,500,0.193581,0.00087268,0.00294088,2.00068,0.00386524,3.8646e-05,2.00464,2.20203,3.99465,3.98675
acc_cpu,32,4000 x 4000,4000,50,0.192971,0.000860199,0.00312146,0.196387,0.00366981,3.3146e-05,0.200104,0.397058,4.06951,3.99391
acc_cpu,32,4000 x 4000,4000,50,0.192963,0.000877696,0.00324632,0.19852,0.00453963,3.2459e-05,0.203108,0.400195,4.0258,3.93485
acc_cpu,32,4000 x 4000,4000,50,0.193521,0.000877301,0.00290532,0.196449,0.00379217,3.0277e-05,0.200294,0.397598,4.06822,3.99015
acc_cpu,32,4000 x 4000,4000,50,0.193223,0.000887071,0.00310974,0.196525,0.00366988,3.5737e-05,0.200248,0.397468,4.06666,3.99106
acc_cpu,32,4000 x 4000,4000,50,0.193447,0.000880704,0.00299359,0.196754,0.00376845,3.4407e-05,0.200571,0.397893,4.06193,3.98462
acc_cpu,32,4000 x 4000,4000,5,0.192745,0.000883667,0.00287061,0.0197645,0.00367398,2.9031e-05,0.023475,0.219975,4.04361,3.40447
acc_cpu,32,4000 x 4000,4000,5,0.192904,0.000860511,0.00304277,0.020187,0.00370101,3.1958e-05,0.0239302,0.220737,3.95899,3.33972
acc_cpu,32,4000 x 4000,4000,5,0.193702,0.000922873,0.00337641,0.0198098,0.00370678,3.0551e-05,0.0235534,0.221555,4.03437,3.39314
acc_cpu,32,4000 x 4000,4000,5,0.193329,0.000874846,0.00302163,0.0197421,0.00373333,3.4433e-05,0.023519,0.220744,4.0482,3.39811
acc_cpu,32,4000 x 4000,4000,5,0.193262,0.000900615,0.00338845,0.0198499,0.0037394,3.5395e-05,0.0236349,0.221186,4.02623,3.38144
acc_gpu,,1000 x 1000,4000,200,0.000543445,0.000110542,2.0077e-05,0.00756891,0.000169085,1.9958e-05,0.00776806,0.00844232,26.3183,25.6436
acc_gpu,,1000 x 1000,4000,200,0.000537904,0.000107239,2.0248e-05,0.00766895,0.000173689,2.2105e-05,0.00787547,0.00854108,25.975,25.2938
acc_gpu,,1000 x 1000,4000,200,0.000580064,0.00010941,2.055e-05,0.00763875,0.000173236,2.3236e-05,0.00784575,0.00855596,26.0777,25.3896
acc_gpu,,1000 x 1000,4000,200,0.000535752,0.000106904,2.0634e-05,0.00758363,0.000168734,2.2897e-05,0.00778584,0.00844943,26.2672,25.585
acc_gpu,,1000 x 1000,4000,200,0.00055315,0.000105287,2.0136e-05,0.00760355,0.000170638,2.3188e-05,0.00780849,0.00848725,26.1984,25.5108
acc_gpu,,12000 x 12000,4000,200,0.0226948,0.000661885,0.00133995,0.364061,0.00206322,2.0985e-05,0.366155,0.390851,79.0812,78.6291
acc_gpu,,12000 x 12000,4000,200,0.0227124,0.000664971,0.00134059,0.363923,0.00206444,2.435e-05,0.366023,0.390741,79.1113,78.6574
acc_gpu,,12000 x 12000,4000,200,0.0226801,0.000665901,0.00133661,0.363925,0.00206803,2.6005e-05,0.36603,0.390713,79.1108,78.6559
acc_gpu,,12000 x 12000,4000,200,0.0226633,0.000665188,0.00133715,0.363912,0.00205786,2.5057e-05,0.366006,0.390672,79.1136,78.661
acc_gpu,,12000 x 12000,4000,200,0.0226699,0.000659177,0.00133839,0.364026,0.0020545,2.1435e-05,0.366111,0.390778,79.0889,78.6385
acc_gpu,,16000 x 16000,4000,200,0.0438332,0.00106463,0.00250071,0.642894,0.00333167,1.9852e-05,0.646254,0.693653,79.62,79.206
acc_gpu,,16000 x 16000,4000,200,0.0392844,0.00102534,0.00237744,0.641967,0.00333218,2.5656e-05,0.645336,0.688023,79.7349,79.3187
acc_gpu,,16000 x 16000,4000,200,0.0437035,0.00106378,0.00249618,0.642593,0.00334365,2.659e-05,0.645974,0.693237,79.6573,79.2404
acc_gpu,,16000 x 16000,4000,200,0.043824,0.00106256,0.00249638,0.64266,0.00332992,2.3476e-05,0.646025,0.693409,79.6489,79.234
acc_gpu,,16000 x 16000,4000,200,0.0392194,0.00101993,0.00237806,0.642084,0.00333245,2.1265e-05,0.645447,0.688065,79.7204,79.305
acc_gpu,,2000 x 2000,4000,200,0.00112742,0.000163424,4.9984e-05,0.0158067,0.000424434,1.9902e-05,0.0162605,0.0176015,50.5102,49.1006
acc_gpu,,2000 x 2000,4000,200,0.00115676,0.000169849,5.0622e-05,0.0157765,0.000423185,2.3121e-05,0.0162332,0.0176107,50.607,49.1831
acc_gpu,,2000 x 2000,4000,200,0.00116196,0.000163792,4.9572e-05,0.0157788,0.000426324,2.4201e-05,0.0162398,0.0176153,50.5996,49.1634
acc_gpu,,2000 x 2000,4000,200,0.00114013,0.00016836,4.9564e-05,0.0158147,0.000427369,2.5474e-05,0.0162779,0.0176362,50.4846,49.048
acc_gpu,,2000 x 2000,4000,200,0.00114067,0.000165884,4.9665e-05,0.0157497,0.000421585,2.2721e-05,0.0162043,0.0175607,50.6931,49.2708
acc_gpu,,500 x 500,4000,200,0.000404504,9.6994e-05,1.4143e-05,0.0064227,0.000129371,2.414e-05,0.00658735,0.00710319,7.72273,7.5297
acc_gpu,,500 x 500,4000,200,0.000457369,0.000101646,1.4478e-05,0.0063064,0.000129141,2.4879e-05,0.00647145,0.00704518,7.86515,7.66456
acc_gpu,,500 x 500,4000,200,0.000450857,9.9112e-05,1.4848e-05,0.00637911,0.000130419,2.4548e-05,0.00654477,0.00710979,7.77551,7.57869
acc_gpu,,500 x 500,4000,200,0.00045372,9.6541e-05,1.4266e-05,0.0063393,0.000132892,2.3879e-05,0.00650707,0.00707181,7.82434,7.6226
acc_gpu,,500 x 500,4000,200,0.000450569,0.000102026,1.3894e-05,0.00634705,0.000128896,2.5223e-05,0.00651226,0.00707896,7.81479,7.61653
acc_gpu,,6000 x 6000,4000,200,0.00698305,0.000349584,0.000357639,0.0959858,0.000909344,2.0371e-05,0.0969247,0.104615,74.9611,74.235
acc_gpu,,6000 x 6000,4000,200,0.00698127,0.000353951,0.00035618,0.0960253,0.000918952,2.3138e-05,0.0969779,0.10467,74.9302,74.1942
acc_gpu,,6000 x 6000,4000,200,0.00698597,0.000349057,0.000356437,0.095892,0.000908303,2.5354e-05,0.0968366,0.104528,75.0344,74.3025
acc_gpu,,6000 x 6000,4000,200,0.00697243,0.000345605,0.000355975,0.0959686,0.000907546,2.5345e-05,0.096913,0.104587,74.9746,74.2439
acc_gpu,,6000 x 6000,4000,200,0.00697999,0.000344025,0.000355701,0.0959881,0.00090307,2.0062e-05,0.0969205,0.1046,74.9593,74.2382
acc_gpu,,8000 x 8000,4000,200,0.0105792,0.000413007,0.000587865,0.165096,0.00116114,2.0314e-05,0.166287,0.177867,77.4917,76.9369
acc_gpu,,8000 x 8000,4000,200,0.0105912,0.000412912,0.000586882,0.165013,0.00115434,2.5409e-05,0.166204,0.177795,77.5309,76.9755
acc_gpu,,8000 x 8000,4000,200,0.0105901,0.000408786,0.000585471,0.16514,0.00115518,2.4486e-05,0.16633,0.177915,77.4712,76.9168
acc_gpu,,8000 x 8000,4000,200,0.0105853,0.000412076,0.00058551,0.165127,0.0011485,2.397e-05,0.16631,0.177893,77.4774,76.9261
acc_gpu,,8000 x 8000,4000,200,0.0105753,0.000410298,0.000584951,0.165072,0.001153,2.0814e-05,0.166254,0.177825,77.5033,76.9519
acc_gpu,,4000 x 4000,1000,200,0.00317926,0.000280536,0.00016516,0.0458837,0.000765638,1.8587e-05,0.0466767,0.0503018,69.6718,68.4882
acc_gpu,,4000 x 4000,1000,200,0.00285671,0.000265111,0.000155024,0.0456948,0.000761385,2.3615e-05,0.0464907,0.0497678,69.9598,68.7621
acc_gpu,,4000 x 4000,1000,200,0.00316699,0.000287257,0.000165316,0.0458874,0.000766518,2.4246e-05,0.0466884,0.0503082,69.6663,68.471
acc_gpu,,4000 x 4000,1000,200,0.00317479,0.000279434,0.000165847,0.0459272,0.0007506,2.12e-05,0.0467087,0.0503291,69.6058,68.4412
acc_gpu,,4000 x 4000,1000,200,0.00285589,0.000254707,0.000154009,0.0455642,0.000761673,1.9831e-05,0.0463545,0.0496193,70.1603,68.9642
acc_gpu,,4000 x 4000,100,200,0.00196531,0.000263082,0.000155736,0.0455168,0.000713809,1.996e-05,0.0462601,0.0486445,70.2334,69.1049
acc_gpu,,4000 x 4000,100,200,0.00196985,0.000265259,0.000154303,0.045523,0.000710287,2.4922e-05,0.0462693,0.048659,70.2238,69.0911
acc_gpu,,4000 x 4000,100,200,0.00196784,0.00026765,0.000153971,0.0455405,0.000716138,2.2981e-05,0.0462895,0.0486792,70.1969,69.061
acc_gpu,,4000 x 4000,100,200,0.00195915,0.00026215,0.000154874,0.0455019,0.000711718,2.5265e-05,0.0462508,0.0486272,70.2564,69.1188
acc_gpu,,4000 x 4000,100,200,0.00195847,0.000257514,0.00015386,0.0454925,0.000717476,2.019e-05,0.0462396,0.0486096,70.2709,69.1356
acc_gpu,,4000 x 4000,16000,200,0.00429311,0.000281972,0.000165478,0.0459093,0.000763109,2.0122e-05,0.0467019,0.0514427,69.6329,68.4512
acc_gpu,,4000 x 4000,16000,200,0.00437384,0.00028426,0.000164427,0.0459053,0.000760524,2.3412e-05,0.0466996,0.0515223,69.6391,68.4546
acc_gpu,,4000 x 4000,16000,200,0.00430617,0.000287892,0.000165495,0.0459016,0.000760587,2.388e-05,0.0466965,0.0514563,69.6447,68.4591
acc_gpu,,4000 x 4000,16000,200,0.00430932,0.000275027,0.000165836,0.0459736,0.000759565,1.9756e-05,0.0467616,0.051512,69.5356,68.3638
acc_gpu,,4000 x 4000,16000,200,0.0043131,0.000275237,0.000164594,0.0459042,0.000760154,1.9878e-05,0.046693,0.0514462,69.6407,68.4642
acc_gpu,,4000 x 4000,2000,200,0.00323469,0.000282967,0.000165981,0.0458745,0.000756379,1.9254e-05,0.046659,0.0503429,69.6858,68.5142
acc_gpu,,4000 x 4000,2000,200,0.00325481,0.000284299,0.000164932,0.0459187,0.00076097,2.3533e-05,0.0467139,0.0504182,69.6187,68.4336
acc_gpu,,4000 x 4000,2000,200,0.00323798,0.000284198,0.000165225,0.0459556,0.000763472,2.4023e-05,0.0467533,0.0504409,69.5628,68.3759
acc_gpu,,4000 x 4000,2000,200,0.00324739,0.000285282,0.000164708,0.0458774,0.000759215,2.0835e-05,0.0466662,0.0503638,69.6814,68.5035
acc_gpu,,4000 x 4000,2000,200,0.0032598,0.000277231,0.000164492,0.0459598,0.000760078,2.1674e-05,0.0467515,0.0504533,69.5565,68.3785
acc_gpu,,4000 x 4000,250,200,0.00278762,0.000265511,0.000154797,0.0455625,0.000715618,1.9414e-05,0.0463067,0.0495149,70.163,69.0354
acc_gpu,,4000 x 4000,250,200,0.00279363,0.000268143,0.000154757,0.0454788,0.000708123,2.5658e-05,0.0462238,0.0494405,70.2921,69.1592
acc_gpu,,4000 x 4000,250,200,0.00277859,0.000264483,0.000154734,0.0455283,0.000710653,2.3462e-05,0.0462736,0.0494716,70.2157,69.0848
acc_gpu,,4000 x 4000,250,200,0.00280071,0.000264464,0.000153662,0.0455785,0.00071384,2.6204e-05,0.0463299,0.049549,70.1384,69.0008
acc_gpu,,4000 x 4000,250,200,0.00278266,0.000257527,0.00015414,0.0455832,0.000716133,2.087e-05,0.0463293,0.0495238,70.1311,69.0017
acc_gpu,,4000 x 4000,500,200,0.00284517,0.000262639,0.000154363,0.0455049,0.000713177,2.0123e-05,0.0462469,0.0495093,70.2518,69.1246
acc_gpu,,4000 x 4000,500,200,0.00285004,0.000265026,0.00015416,0.0454741,0.000717439,2.3669e-05,0.0462255,0.049495,70.2994,69.1566
acc_gpu,,4000 x 4000,500,200,0.002844,0.000264124,0.000154197,0.0455518,0.000707217,2.3968e-05,0.0462943,0.0495568,70.1795,69.0539
acc_gpu,,4000 x 4000,500,200,0.00285322,0.000263584,0.000154771,0.0455414,0.000706301,2.5678e-05,0.0462843,0.049556,70.1954,69.0689
acc_gpu,,4000 x 4000,500,200,0.00285139,0.000254966,0.000154352,0.0454688,0.000710334,2.1973e-05,0.0462102,0.0494712,70.3076,69.1795
acc_gpu,,4000 x 4000,50,200,0.00137329,0.000263815,0.000154936,0.0455126,0.000712275,1.9652e-05,0.046253,0.0480452,70.2399,69.1155
acc_gpu,,4000 x 4000,50,200,0.00138294,0.000266375,0.000154608,0.04553,0.000741067,2.5516e-05,0.0463075,0.0481116,70.2131,69.0342
acc_gpu,,4000 x 4000,50,200,0.0013768,0.000259745,0.000153777,0.045513,0.000712205,2.5809e-05,0.0462621,0.0480527,70.2393,69.1019
acc_gpu,,4000 x 4000,50,200,0.00137344,0.000263247,0.00015379,0.0455462,0.00071435,2.5498e-05,0.0462973,0.048088,70.1881,69.0493
acc_gpu,,4000 x 4000,50,200,0.00136933,0.000255607,0.000154837,0.0454872,0.000713425,2.1425e-05,0.0462315,0.0480115,70.2792,69.1477
acc_gpu,,4000 x 4000,8000,200,0.00369521,0.000284955,0.000164647,0.0458877,0.000759175,1.9102e-05,0.0466747,0.0508197,69.6658,68.4911
acc_gpu,,4000 x 4000,8000,200,0.00372336,0.000288031,0.000166443,0.045887,0.000764044,2.414e-05,0.0466858,0.0508638,69.6668,68.4748
acc_gpu,,4000 x 4000,8000,200,0.00371362,0.00028024,0.000165101,0.0458873,0.000756496,2.2539e-05,0.046677,0.0508361,69.6663,68.4877
acc_gpu,,4000 x 4000,8000,200,0.00372351,0.000281139,0.000164269,0.0458548,0.000761825,2.0282e-05,0.0466462,0.0508153,69.7157,68.533
acc_gpu,,4000 x 4000,8000,200,0.00371635,0.000280058,0.000164462,0.0459426,0.000757958,1.9566e-05,0.0467289,0.05089,69.5825,68.4117
acc_gpu,,4000 x 4000,4000,1000,0.00306622,0.000266301,0.000154731,0.227652,0.000707651,3.0018e-05,0.22842,0.231908,70.2123,69.9763
acc_gpu,,4000 x 4000,4000,1000,0.00307151,0.000263097,0.000154064,0.227404,0.000714531,2.4596e-05,0.228172,0.231661,70.289,70.0525
acc_gpu,,4000 x 4000,4000,1000,0.00305944,0.00026196,0.000154239,0.227468,0.000718519,2.5582e-05,0.228242,0.231718,70.2692,70.031
acc_gpu,,4000 x 4000,4000,1000,0.00305481,0.000257021,0.000154255,0.227487,0.000714545,2.0634e-05,0.228249,0.231716,70.2635,70.0287
acc_gpu,,4000 x 4000,4000,1000,0.00307029,0.000255681,0.000154502,0.227792,0.000709601,2.0983e-05,0.22855,0.232031,70.1693,69.9366
acc_gpu,,4000 x 4000,4000,100,0.00340933,0.000281478,0.000165082,0.0229294,0.00075437,1.8712e-05,0.0237089,0.027565,69.7097,67.4178
acc_gpu,,4000 x 4000,4000,100,0.00340571,0.00028817,0.000165078,0.0229821,0.000761296,2.4013e-05,0.0237763,0.0276355,69.5499,67.2266
acc_gpu,,4000 x 4000,4000,100,0.00339451,0.000280539,0.000164573,0.0229373,0.000754637,2.6285e-05,0.0237265,0.0275663,69.6857,67.3678
acc_gpu,,4000 x 4000,4000,100,0.00340265,0.000277157,0.000164996,0.02295,0.000756219,1.9606e-05,0.0237325,0.0275775,69.6472,67.3508
acc_gpu,,4000 x 4000,4000,100,0.00340878,0.000275764,0.000164442,0.0229529,0.00075651,2.295e-05,0.023739,0.0275881,69.6383,67.3324
acc_gpu,,4000 x 4000,4000,10,0.00341001,0.000277655,0.000165054,0.00227009,0.000762863,1.9307e-05,0.00305613,0.00690906,70.4112,52.3015
acc_gpu,,4000 x 4000,4000,10,0.00340855,0.000282979,0.00016455,0.00229114,0.000763254,2.4288e-05,0.00308506,0.00694133,69.7643,51.8111
acc_gpu,,4000 x 4000,4000,10,0.00341099,0.000282795,0.000165099,0.00228356,0.000759874,2.2097e-05,0.00307259,0.0069317,69.9961,52.0212
acc_gpu,,4000 x 4000,4000,10,0.00339606,0.000275484,0.000164617,0.00228354,0.000751961,1.9156e-05,0.00305921,0.00689563,69.9967,52.2488
acc_gpu,,4000 x 4000,4000,10,0.00340158,0.000275208,0.00016541,0.00227882,0.000752949,2.0213e-05,0.00305698,0.00689937,70.1416,52.2869
acc_gpu,,4000 x 4000,4000,1,0.00341462,0.000284298,0.000164722,0.000217893,0.000750963,1.9326e-05,0.000992265,0.00485615,73.3571,16.1086
acc_gpu,,4000 x 4000,4000,1,0.00340852,0.00028417,0.000164752,0.000217898,0.000758869,2.3305e-05,0.00100586,0.00486355,73.3554,15.8909
acc_gpu,,4000 x 4000,4000,1,0.00340828,0.000286429,0.000164671,0.000218394,0.00074975,2.2515e-05,0.000996767,0.00485638,73.1888,16.0358
acc_gpu,,4000 x 4000,4000,1,0.00339577,0.000277425,0.000164355,0.000217096,0.000749011,1.9167e-05,0.000989421,0.00482714,73.6264,16.1549
acc_gpu,,4000 x 4000,4000,1,0.00340925,0.000277962,0.000164707,0.000217389,0.000749976,1.9832e-05,0.000992059,0.00484425,73.5272,16.1119
acc_gpu,,4000 x 4000,4000,25,0.00340485,0.000279245,0.000165252,0.00573178,0.000756426,1.8049e-05,0.00651093,0.0103605,69.7165,61.3737
acc_gpu,,4000 x 4000,4000,25,0.00340836,0.000285505,0.000164724,0.00572397,0.000755078,2.2293e-05,0.00650738,0.0103662,69.8117,61.4072
acc_gpu,,4000 x 4000,4000,25,0.00342477,0.000281165,0.000166011,0.00574401,0.00076111,2.2906e-05,0.00653402,0.0104062,69.5682,61.1568
acc_gpu,,4000 x 4000,4000,25,0.00339375,0.000276491,0.000165143,0.00571523,0.000750397,2.0085e-05,0.00649073,0.0103263,69.9184,61.5647
acc_gpu,,4000 x 4000,4000,25,0.00340626,0.000281597,0.00016464,0.00573801,0.000756275,1.9647e-05,0.00651918,0.0103719,69.6409,61.2961
acc_gpu,,4000 x 4000,4000,500,0.0033994,0.000290731,0.000164589,0.114791,0.000765134,2.4474e-05,0.115598,0.119453,69.6225,69.1362
acc_gpu,,4000 x 4000,4000,500,0.00340855,0.000285857,0.000164234,0.114776,0.000767608,2.4767e-05,0.115587,0.119446,69.6316,69.1427
acc_gpu,,4000 x 4000,4000,500,0.00340868,0.000281595,0.00016429,0.114786,0.000764585,2.3132e-05,0.115591,0.119446,69.6251,69.1402
acc_gpu,,4000 x 4000,4000,500,0.00339906,0.000276329,0.000164697,0.114758,0.000707938,2.0493e-05,0.115503,0.119343,69.642,69.1932
acc_gpu,,4000 x 4000,4000,500,0.0034032,0.000274894,0.000164344,0.114667,0.00072238,2.0916e-05,0.115426,0.119269,69.6976,69.239
acc_gpu,,4000 x 4000,4000,50,0.00341656,0.00028356,0.000166775,0.0114497,0.000757926,1.8906e-05,0.0122317,0.0160988,69.8012,65.3385
acc_gpu,,4000 x 4000,4000,50,0.00340782,0.000289686,0.000164891,0.011475,0.000759871,2.2772e-05,0.012265,0.0161276,69.6472,65.1612
acc_gpu,,4000 x 4000,4000,50,0.00342038,0.000285699,0.000165029,0.0114585,0.000759202,2.3333e-05,0.0122483,0.0161196,69.7475,65.2498
acc_gpu,,4000 x 4000,4000,50,0.00339322,0.000273025,0.000165042,0.0114955,0.00075378,1.9062e-05,0.0122738,0.0161053,69.5228,65.1143
acc_gpu,,4000 x 4000,4000,50,0.00341847,0.000275867,0.000164437,0.0114889,0.00076034,2.2392e-05,0.0122774,0.0161364,69.5629,65.095
acc_gpu,,4000 x 4000,4000,5,0.0033882,0.000283102,0.000164953,0.00113954,0.000749518,1.9199e-05,0.00191237,0.00574882,70.1333,41.791
acc_gpu,,4000 x 4000,4000,5,0.00341189,0.000283014,0.000164515,0.00113856,0.000758552,2.2509e-05,0.00192565,0.00578528,70.1938,41.5029
acc_gpu,,4000 x 4000,4000,5,0.00340837,0.000283337,0.000165276,0.00115073,0.000753168,2.3115e-05,0.00193334,0.00579056,69.4515,41.3379
acc_gpu,,4000 x 4000,4000,5,0.00340472,0.00027727,0.000164599,0.00114705,0.00075875,1.9614e-05,0.00193001,0.00577685,69.6747,41.4091
acc_gpu,,4000 x 4000,4000,5,0.00338728,0.000280693,0.000166182,0.00114606,0.000753454,1.9121e-05,0.00192321,0.00575758,69.7346,41.5554
cpp,,1000 x 1000,4000,200,0.277157,0.00132227,0.000700661,0.144976,0.00265189,2.36e-05,0.147661,0.426841,1.37403,1.34904
cpp,,1000 x 1000,4000,200,0.277401,0.00130435,0.000650111,0.144454,0.0026686,2.8166e-05,0.147166,0.426521,1.37899,1.35358
cpp,,1000 x 1000,4000,200,0.277027,0.00134262,0.000762346,0.143565,0.00266003,2.7779e-05,0.146266,0.425399,1.38753,1.36191
cpp,,1000 x 1000,4000,200,0.277516,0.00129905,0.000666227,0.145845,0.00266345,2.8184e-05,0.14855,0.428032,1.36584,1.34097
cpp,,1000 x 1000,4000,200,0.277695,0.00132541,0.000621536,0.14075,0.00266226,2.1971e-05,0.143449,0.423092,1.41529,1.38865
cpp,,12000 x 12000,4000,200,38.7904,0.147193,0.127528,32.481,0.430485,3.4688e-05,32.9116,71.9767,0.886375,0.87478
cpp,,12000 x 12000,4000,200,38.7853,0.148438,0.127103,32.2576,0.431368,3.9202e-05,32.6891,71.7499,0.892515,0.880734
cpp,,12000 x 12000,4000,200,38.7873,0.147252,0.127537,32.4221,0.430909,3.8278e-05,32.853,71.9151,0.887988,0.87634
cpp,,12000 x 12000,4000,200,38.7853,0.148463,0.127881,32.4396,0.432343,3.9256e-05,32.872,71.9337,0.887507,0.875832
cpp,,12000 x 12000,4000,200,38.7862,0.147132,0.129001,34.432,0.418275,3.2673e-05,34.8504,73.9127,0.836152,0.826115
cpp,,16000 x 16000,4000,200,68.7911,0.254537,0.227983,58.7532,0.766694,3.9806e-05,59.52,128.794,0.871224,0.860001
cpp,,16000 x 16000,4000,200,68.7807,0.255339,0.222648,57.1906,0.763284,3.3796e-05,57.9539,127.213,0.895028,0.883239
cpp,,16000 x 16000,4000,200,68.782,0.253089,0.220455,56.866,0.758097,3.8235e-05,57.6242,126.88,0.900137,0.888294
cpp,,16000 x 16000,4000,200,68.7814,0.255729,0.226612,58.2815,0.767378,3.9049e-05,59.049,128.313,0.878275,0.86686
cpp,,16000 x 16000,4000,200,68.7872,0.254478,0.228089,59.1253,0.744674,3.8623e-05,59.8701,129.14,0.86574,0.854971
cpp,,2000 x 2000,4000,200,1.09779,0.0049669,0.00332133,0.922872,0.0117646,3.1433e-05,0.934687,2.04077,0.865126,0.854191
cpp,,2000 x 2000,4000,200,1.09771,0.0048733,0.0033641,0.939779,0.0118659,3.8938e-05,0.951703,2.05765,0.849562,0.838918
cpp,,2000 x 2000,4000,200,1.09774,0.00502161,0.00345245,0.928799,0.0118171,3.3785e-05,0.940667,2.04689,0.859606,0.84876
cpp,,2000 x 2000,4000,200,1.09798,0.00490103,0.00330674,0.934792,0.0118184,3.4209e-05,0.946668,2.05285,0.854095,0.84338
cpp,,2000 x 2000,4000,200,1.0978,0.00485342,0.00323899,0.926905,0.0116283,3.1798e-05,0.938577,2.04447,0.861363,0.850651
cpp,,500 x 500,4000,200,0.0701565,0.000362411,0.00017314,0.035008,0.000665183,2.035e-05,0.0357073,0.1064,1.41684,1.38909
cpp,,500 x 500,4000,200,0.070013,0.000364161,0.000172372,0.0350028,0.000661743,1.8596e-05,0.0356976,0.106247,1.41705,1.38947
cpp,,500 x 500,4000,200,0.0700769,0.000362666,0.000184641,0.0350592,0.000665391,1.8831e-05,0.035757,0.106381,1.41477,1.38716
cpp,,500 x 500,4000,200,0.0700831,0.000362035,0.000177259,0.035114,0.000658111,2.0884e-05,0.0358073,0.10643,1.41256,1.38521
cpp,,500 x 500,4000,200,0.0701078,0.000362377,0.000166339,0.0346292,0.000661232,1.8474e-05,0.0353258,0.105962,1.43234,1.4041
cpp,,6000 x 6000,4000,200,9.76314,0.0397617,0.0316814,8.53067,0.108001,3.9695e-05,8.63874,18.4733,0.84345,0.8329
cpp,,6000 x 6000,4000,200,9.76144,0.0400444,0.0318777,8.62961,0.10891,3.9426e-05,8.73858,18.5719,0.833781,0.823384
cpp,,6000 x 6000,4000,200,9.76081,0.0397239,0.0313756,8.39258,0.107353,3.689e-05,8.49998,18.3319,0.857329,0.846496
cpp,,6000 x 6000,4000,200,9.76105,0.0399801,0.0320498,8.70243,0.108842,3.6169e-05,8.81137,18.6444,0.826804,0.816581
cpp,,6000 x 6000,4000,200,9.76088,0.0397254,0.0321332,8.77027,0.104606,2.8418e-05,8.87493,18.7077,0.820408,0.810734
cpp,,8000 x 8000,4000,200,17.3043,0.0685987,0.0557971,14.5779,0.190601,3.9893e-05,14.7685,32.1972,0.877604,0.866274
cpp,,8000 x 8000,4000,200,17.3032,0.0690258,0.0566006,14.9502,0.192369,3.8501e-05,15.1427,32.5715,0.855745,0.84487
cpp,,8000 x 8000,4000,200,17.3025,0.0683618,0.0555932,14.4646,0.190625,3.7632e-05,14.6553,32.0817,0.884478,0.872967
cpp,,8000 x 8000,4000,200,17.3034,0.0690149,0.0569955,15.0377,0.192749,3.2729e-05,15.2306,32.6599,0.850766,0.839996
cpp,,8000 x 8000,4000,200,17.3202,0.0691779,0.0616188,16.7466,0.191688,3.7824e-05,16.9383,34.3893,0.763952,0.755304
cpp,,4000 x 4000,1000,200,4.3383,0.0185149,0.0139127,3.84988,0.047886,3.7451e-05,3.89783,8.26855,0.830363,0.820149
cpp,,4000 x 4000,1000,200,4.33795,0.0186368,0.0142445,3.94605,0.0484465,3.7784e-05,3.99456,8.3654,0.810127,0.800288
cpp,,4000 x 4000,1000,200,4.3375,0.0185812,0.0139178,3.81564,0.0476117,3.6982e-05,3.86332,8.23332,0.837814,0.827475
cpp,,4000 x 4000,1000,200,4.33778,0.0186099,0.0139923,3.89309,0.0481799,3.7728e-05,3.94133,8.31171,0.821147,0.811098
cpp,,4000 x 4000,1000,200,4.33981,0.0184841,0.0136099,3.9239,0.0465995,3.2321e-05,3.97055,8.34246,0.8147,0.805127
cpp,,4000 x 4000,100,200,3.90903,0.0148565,0.014287,3.9331,0.0481085,3.9924e-05,3.98128,7.91945,0.812794,0.802957
cpp,,4000 x 4000,100,200,3.90833,0.0150063,0.0140973,3.91871,0.048297,3.5304e-05,3.96707,7.9045,0.815779,0.805835
cpp,,4000 x 4000,100,200,3.90815,0.0148795,0.013898,3.80682,0.0476414,3.2296e-05,3.85452,7.79145,0.839755,0.829364
cpp,,4000 x 4000,100,200,3.90855,0.0149591,0.0139943,3.90424,0.0481474,3.7215e-05,3.95245,7.88995,0.818803,0.808816
cpp,,4000 x 4000,100,200,3.9092,0.0148697,0.0138443,3.96681,0.04659,3.1748e-05,4.01345,7.95136,0.805888,0.796522
cpp,,4000 x 4000,16000,200,4.42976,0.0185999,0.0144439,3.97945,0.0484368,4.0088e-05,4.02794,8.49074,0.803328,0.793656
cpp,,4000 x 4000,16000,200,4.42915,0.0186008,0.0139969,3.89465,0.048185,3.7786e-05,3.9429,8.40465,0.820818,0.810774
cpp,,4000 x 4000,16000,200,4.42924,0.0185857,0.0141868,3.87545,0.0479993,3.9353e-05,3.92351,8.38552,0.824885,0.814781
cpp,,4000 x 4000,16000,200,4.42913,0.0186391,0.0142062,3.94144,0.0483877,3.7503e-05,3.98989,8.45186,0.811075,0.801226
cpp,,4000 x 4000,16000,200,4.42981,0.0185443,0.0138846,3.99241,0.0465072,2.9727e-05,4.03898,8.50122,0.80072,0.791487
cpp,,4000 x 4000,2000,200,4.34691,0.0185756,0.0139993,3.87515,0.0481556,3.8662e-05,3.92339,8.30287,0.824948,0.814806
cpp,,4000 x 4000,2000,200,4.34447,0.0186171,0.0143868,3.99789,0.0486502,3.9538e-05,4.0466,8.42408,0.799622,0.789996
cpp,,4000 x 4000,2000,200,4.34472,0.0185724,0.0139356,3.82575,0.0477246,3.159e-05,3.87354,8.25077,0.835601,0.825292
cpp,,4000 x 4000,2000,200,4.34536,0.018651,0.0142522,3.94893,0.0484212,3.4e-05,3.99741,8.37568,0.809535,0.799717
cpp,,4000 x 4000,2000,200,4.34498,0.0185439,0.0138816,3.99062,0.0467184,2.7951e-05,4.0374,8.41481,0.801078,0.791797
cpp,,4000 x 4000,250,200,4.32679,0.0184989,0.013965,3.87053,0.0480187,3.914e-05,3.91861,8.27786,0.825935,0.815801
cpp,,4000 x 4000,250,200,4.32655,0.018586,0.0142237,3.95119,0.0483893,3.8154e-05,3.99963,8.35899,0.809074,0.799274
cpp,,4000 x 4000,250,200,4.32701,0.0185937,0.0139482,3.82041,0.0477315,3.7593e-05,3.8682,8.22775,0.83677,0.826432
cpp,,4000 x 4000,250,200,4.32652,0.0186339,0.0141959,3.93947,0.0483819,3.8011e-05,3.9879,8.34725,0.811481,0.801625
cpp,,4000 x 4000,250,200,4.33166,0.0184961,0.0141008,3.84096,0.0478994,3.5118e-05,3.88893,8.25319,0.832292,0.822026
cpp,,4000 x 4000,500,200,4.33418,0.0185491,0.0142334,3.9317,0.0482921,3.7701e-05,3.98006,8.34702,0.813083,0.803205
cpp,,4000 x 4000,500,200,4.33376,0.0185946,0.0141066,3.92209,0.0483196,3.6348e-05,3.97047,8.33694,0.815075,0.805143
cpp,,4000 x 4000,500,200,4.33405,0.0185552,0.0141861,3.87521,0.0478985,3.8353e-05,3.92319,8.28998,0.824936,0.814847
cpp,,4000 x 4000,500,200,4.33434,0.0186374,0.0140392,3.90729,0.0481728,3.7274e-05,3.95552,8.32254,0.818164,0.808188
cpp,,4000 x 4000,500,200,4.33439,0.0184952,0.0137894,3.98491,0.046609,2.8028e-05,4.03158,8.39826,0.802226,0.792939
cpp,,4000 x 4000,50,200,2.5996,0.010062,0.0139565,3.85806,0.0479176,3.6673e-05,3.90603,6.52965,0.828604,0.818426
cpp,,4000 x 4000,50,200,2.59977,0.0102747,0.0144066,3.99677,0.0485197,3.8246e-05,4.04535,6.6698,0.799847,0.79024
cpp,,4000 x 4000,50,200,2.59943,0.0101849,0.0139879,3.8326,0.0477805,3.6057e-05,3.88043,6.50404,0.834108,0.823826
cpp,,4000 x 4000,50,200,2.59979,0.0102284,0.0140423,3.90586,0.0482058,3.6778e-05,3.95412,6.57818,0.818463,0.808474
cpp,,4000 x 4000,50,200,2.59967,0.00996116,0.0139809,3.99662,0.0465932,2.8455e-05,4.04327,6.66688,0.799875,0.790647
cpp,,4000 x 4000,8000,200,4.38146,0.0185272,0.0142632,3.93363,0.0481369,3.9941e-05,3.98184,8.39609,0.812685,0.802845
cpp,,4000 x 4000,8000,200,4.38203,0.0186177,0.0141967,3.93725,0.0484317,3.1738e-05,3.98574,8.40058,0.811937,0.80206
cpp,,4000 x 4000,8000,200,4.38165,0.0185929,0.014091,3.85007,0.0478256,3.6153e-05,3.89795,8.31228,0.830323,0.820123
cpp,,4000 x 4000,8000,200,4.38074,0.0188142,0.0143433,3.96006,0.0484679,3.0954e-05,4.00858,8.42248,0.80726,0.797489
cpp,,4000 x 4000,8000,200,4.3816,0.0185961,0.0138237,3.97377,0.0466429,2.6453e-05,4.02046,8.43447,0.804475,0.795134
cpp,,4000 x 4000,4000,1000,4.35748,0.0185353,0.0139996,19.382,0.0479604,3.3129e-05,19.4301,23.8201,0.824684,0.822643
cpp,,4000 x 4000,4000,1000,4.35713,0.0186193,0.0142191,19.7331,0.0484054,3.8266e-05,19.7817,24.1717,0.810008,0.80802
cpp,,4000 x 4000,4000,1000,4.35703,0.0185407,0.0139502,19.0769,0.0477329,3.4489e-05,19.1247,23.5142,0.837874,0.83578
cpp,,4000 x 4000,4000,1000,4.35722,0.0186076,0.0142521,19.7157,0.0483577,3.7124e-05,19.7642,24.1542,0.810725,0.808737
cpp,,4000 x 4000,4000,1000,4.35759,0.018542,0.0138355,19.8185,0.0465859,3.4661e-05,19.8653,24.2553,0.806521,0.804619
cpp,,4000 x 4000,4000,100,4.35758,0.0185222,0.0139365,1.93149,0.0479977,3.7002e-05,1.97954,6.36958,0.827548,0.80746
cpp,,4000 x 4000,4000,100,4.35658,0.0186141,0.0141022,1.96399,0.0482688,3.282e-05,2.01231,6.40161,0.813853,0.79431
cpp,,4000 x 4000,4000,100,4.35737,0.0186016,0.0139259,1.9101,0.0476722,3.6981e-05,1.95785,6.34775,0.836814,0.816405
cpp,,4000 x 4000,4000,100,4.3575,0.0185922,0.0142235,1.97265,0.048328,3.8053e-05,2.02103,6.41135,0.810283,0.790884
cpp,,4000 x 4000,4000,100,4.36308,0.0185182,0.0138514,1.98769,0.0466872,3.0057e-05,2.03442,6.42987,0.804151,0.785679
cpp,,4000 x 4000,4000,10,4.35779,0.0185254,0.0142387,0.197555,0.0482032,3.2467e-05,0.2458,4.63635,0.809092,0.650285
cpp,,4000 x 4000,4000,10,4.35705,0.0186168,0.0141108,0.197356,0.0483024,3.5793e-05,0.245702,4.63548,0.809909,0.650544
cpp,,4000 x 4000,4000,10,4.35767,0.0186002,0.0139489,0.19173,0.047666,3.3607e-05,0.239438,4.62965,0.833673,0.667563
cpp,,4000 x 4000,4000,10,4.35696,0.018558,0.0142687,0.198776,0.0484884,3.5673e-05,0.24731,4.6371,0.804123,0.646314
cpp,,4000 x 4000,4000,10,4.36933,0.0184446,0.013691,0.189186,0.0476722,3.5617e-05,0.236903,4.63837,0.844882,0.674707
cpp,,4000 x 4000,4000,1,4.35688,0.0185779,0.0142437,0.0198263,0.048332,3.0328e-05,0.0681972,4.4579,0.806202,0.234379
cpp,,4000 x 4000,4000,1,4.35644,0.0185685,0.0141393,0.0197925,0.0483672,3.0739e-05,0.068198,4.45735,0.807579,0.234376
cpp,,4000 x 4000,4000,1,4.35722,0.0185842,0.0140212,0.0194044,0.0479503,3.5268e-05,0.0673982,4.45723,0.823732,0.237158
cpp,,4000 x 4000,4000,1,4.35714,0.018621,0.0142038,0.0198543,0.0485022,2.9703e-05,0.0683989,4.45836,0.805065,0.233688
cpp,,4000 x 4000,4000,1,4.36744,0.0186705,0.0139794,0.0202498,0.0469152,2.7327e-05,0.0671986,4.46728,0.78934,0.237862
cpp,,4000 x 4000,4000,25,4.35871,0.0185208,0.0140378,0.487162,0.048136,3.4988e-05,0.535344,4.92661,0.820261,0.746436
cpp,,4000 x 4000,4000,25,4.3573,0.0186463,0.0142533,0.494504,0.0484875,3.6846e-05,0.54304,4.93324,0.808082,0.735857
cpp,,4000 x 4000,4000,25,4.35685,0.0185391,0.0141982,0.485886,0.0479696,3.7493e-05,0.533903,4.92349,0.822416,0.748451
cpp,,4000 x 4000,4000,25,4.35689,0.0186044,0.0140096,0.488766,0.0482701,3.5781e-05,0.537086,4.92659,0.817569,0.744016
cpp,,4000 x 4000,4000,25,4.36276,0.0185402,0.0139294,0.500044,0.04669,2.6847e-05,0.54677,4.942,0.799131,0.730838
cpp,,4000 x 4000,4000,500,4.35836,0.0185511,0.0142304,9.84181,0.0482397,4.0879e-05,9.89013,14.2813,0.812046,0.808078
cpp,,4000 x 4000,4000,500,4.35749,0.0186377,0.0141286,9.80274,0.0483262,3.9537e-05,9.85116,14.2414,0.815282,0.811275
cpp,,4000 x 4000,4000,500,4.35796,0.0186238,0.014081,9.61533,0.0477713,3.8865e-05,9.66318,14.0538,0.831173,0.827057
cpp,,4000 x 4000,4000,500,4.35728,0.0185691,0.0140447,9.74184,0.0482593,3.9151e-05,9.79018,14.1801,0.820379,0.816328
cpp,,4000 x 4000,4000,500,4.35737,0.0185119,0.013918,9.98208,0.046488,2.7158e-05,10.0287,14.4185,0.800635,0.796917
cpp,,4000 x 4000,4000,50,4.35731,0.0185354,0.0138959,0.96489,0.0479253,3.5311e-05,1.01286,5.40261,0.828281,0.789051
cpp,,4000 x 4000,4000,50,4.35692,0.0186259,0.0143733,0.999052,0.0486389,3.7618e-05,1.04774,5.43767,0.799958,0.762783
cpp,,4000 x 4000,4000,50,4.35667,0.0185833,0.0142354,0.97004,0.0479362,3.8687e-05,1.01803,5.40752,0.823884,0.785043
cpp,,4000 x 4000,4000,50,4.357,0.0186222,0.0142261,0.985897,0.0484684,3.0968e-05,1.03441,5.42426,0.810633,0.772613
cpp,,4000 x 4000,4000,50,4.3822,0.0185647,0.0140302,1.00415,0.0469846,2.6922e-05,1.05117,5.46597,0.795901,0.760298
cpp,,4000 x 4000,4000,5,4.36004,0.0187939,0.0139835,0.0979579,0.0482376,3.8676e-05,0.146248,4.53906,0.815861,0.546471
cpp,,4000 x 4000,4000,5,4.35696,0.018668,0.0142485,0.0992912,0.0485099,3.7705e-05,0.147848,4.53773,0.804906,0.540555
cpp,,4000 x 4000,4000,5,4.35703,0.0185995,0.0139577,0.096121,0.0477199,2.9383e-05,0.143879,4.53347,0.831452,0.555467
cpp,,4000 x 4000,4000,5,4.35703,0.0185887,0.0140386,0.0981785,0.0482654,3.4096e-05,0.146488,4.53615,0.814028,0.545575
cpp,,4000 x 4000,4000,5,4.38268,0.0187926,0.0136949,0.0993805,0.0464567,3.2233e-05,0.145876,4.56104,0.804182,0.547864
cuda,,1000 x 1000,4000,200,0.000605915,5.9652e-05,3.4597e-05,0.00483674,0.000129985,2.4877e-05,0.00500446,0.00570484,41.1849,39.8046
cuda,,1000 x 1000,4000,200,0.000610596,6.1605e-05,3.6014e-05,0.00487242,0.000138,2.3469e-05,0.0050453,0.00575371,40.8834,39.4824
cuda,,1000 x 1000,4000,200,0.000611802,5.5411e-05,3.4584e-05,0.00489658,0.000130033,2.4694e-05,0.00506366,0.00576567,40.6816,39.3393
cuda,,1000 x 1000,4000,200,0.000584094,6.3385e-05,3.4588e-05,0.0048403,0.0001314,2.3425e-05,0.00500675,0.00568901,41.1546,39.7864
cuda,,1000 x 1000,4000,200,0.000630835,6.2393e-05,3.36e-05,0.00484812,0.000131149,2.3744e-05,0.00501485,0.00574189,41.0883,39.7222
cuda,,12000 x 12000,4000,200,0.022814,0.000544671,0.00152127,0.373486,0.00182693,2.5823e-05,0.375351,0.400231,77.0856,76.7027
cuda,,12000 x 12000,4000,200,0.0227214,0.000545508,0.00151035,0.373473,0.00182584,2.6522e-05,0.375338,0.400116,77.0882,76.7052
cuda,,12000 x 12000,4000,200,0.0228232,0.00055156,0.00152198,0.373588,0.00181379,2.539e-05,0.375439,0.400336,77.0646,76.6846
cuda,,12000 x 12000,4000,200,0.0227631,0.000549553,0.00152027,0.373456,0.0018159,2.6103e-05,0.375311,0.400144,77.0918,76.7108
cuda,,12000 x 12000,4000,200,0.0227681,0.000547146,0.00151019,0.373499,0.00182269,2.4841e-05,0.37536,0.400185,77.083,76.7009
cuda,,16000 x 16000,4000,200,0.0395319,0.000931047,0.00271669,0.65715,0.00314612,2.5757e-05,0.660334,0.703514,77.8927,77.5171
cuda,,16000 x 16000,4000,200,0.0393802,0.000930782,0.0027307,0.65718,0.00315145,2.4691e-05,0.660369,0.70341,77.8892,77.5131
cuda,,16000 x 16000,4000,200,0.0395736,0.000930532,0.00273193,0.657184,0.0031431,2.2882e-05,0.660361,0.703597,77.8887,77.514
cuda,,16000 x 16000,4000,200,0.0394038,0.000929709,0.0027162,0.657057,0.0031574,2.4992e-05,0.660252,0.703302,77.9038,77.5267
cuda,,16000 x 16000,4000,200,0.0393587,0.000928286,0.00271879,0.657177,0.00314671,2.5307e-05,0.660362,0.703368,77.8895,77.5138
cuda,,2000 x 2000,4000,200,0.00124017,6.0267e-05,6.3006e-05,0.0135183,0.00017476,2.3386e-05,0.013728,0.0150917,59.0607,58.1585
cuda,,2000 x 2000,4000,200,0.00119506,6.2021e-05,6.2197e-05,0.0134332,0.000173494,2.4161e-05,0.0136429,0.0149624,59.435,58.5214
cuda,,2000 x 2000,4000,200,0.00119996,6.4828e-05,6.3165e-05,0.0134957,0.000176936,2.3556e-05,0.013709,0.0150371,59.1596,58.2393
cuda,,2000 x 2000,4000,200,0.00118516,6.3198e-05,6.3566e-05,0.0135274,0.000174762,2.2549e-05,0.0137366,0.0150487,59.0209,58.1223
cuda,,2000 x 2000,4000,200,0.00120347,6.4076e-05,6.2408e-05,0.0134534,0.000170082,2.2273e-05,0.0136577,0.0149879,59.3456,58.4578
cuda,,500 x 500,4000,200,0.000595111,0.000112623,3.0128e-05,0.00353455,0.000106207,2.5189e-05,0.00367804,0.00441611,14.0331,13.4857
cuda,,500 x 500,4000,200,0.000600992,0.000105691,2.9209e-05,0.00351465,0.000109617,1.8818e-05,0.00365304,0.00438916,14.1126,13.578
cuda,,500 x 500,4000,200,0.000600196,0.00010889,2.9191e-05,0.00345635,0.000113822,2.7302e-05,0.0036093,0.0043478,14.3506,13.7425
cuda,,500 x 500,4000,200,0.000590844,0.000102102,2.9776e-05,0.0035235,0.000106312,2.3299e-05,0.00366478,0.0043877,14.0771,13.5345
cuda,,500 x 500,4000,200,0.000574088,0.000102996,2.9143e-05,0.00353446,0.000106877,2.3174e-05,0.0036761,0.00438252,14.0335,13.4928
cuda,,6000 x 6000,4000,200,0.00700003,0.000187707,0.000375744,0.0959267,0.000546825,2.6719e-05,0.096512,0.104076,75.0073,74.5524
cuda,,6000 x 6000,4000,200,0.00714058,0.00018671,0.000378457,0.0961116,0.00055669,2.4874e-05,0.096705,0.104411,74.863,74.4036
cuda,,6000 x 6000,4000,200,0.00715088,0.000188639,0.000375704,0.0961522,0.000557225,2.3964e-05,0.0967455,0.104461,74.8313,74.3724
cuda,,6000 x 6000,4000,200,0.00707176,0.000189622,0.000377561,0.0960671,0.000547994,2.3413e-05,0.0966501,0.104289,74.8977,74.4458
cuda,,6000 x 6000,4000,200,0.00700847,0.000186024,0.000375335,0.0960497,0.000554788,2.3246e-05,0.0966387,0.104209,74.9113,74.4546
cuda,,8000 x 8000,4000,200,0.0110826,0.000279256,0.00066121,0.165462,0.000871725,2.4657e-05,0.16637,0.178393,77.3207,76.8986
cuda,,8000 x 8000,4000,200,0.0106377,0.000276199,0.00066557,0.16521,0.00088044,2.5418e-05,0.166128,0.177708,77.4383,77.0103
cuda,,8000 x 8000,4000,200,0.0107705,0.000271206,0.000664599,0.165277,0.000871575,2.6138e-05,0.166187,0.177894,77.4071,76.9831
cuda,,8000 x 8000,4000,200,0.0106607,0.000271287,0.000661629,0.165212,0.000873498,2.2735e-05,0.166121,0.177715,77.4374,77.0139
cuda,,8000 x 8000,4000,200,0.0107782,0.000275214,0.00066954,0.165269,0.000877268,2.3139e-05,0.166182,0.177905,77.4106,76.9856
cuda,,4000 x 4000,1000,200,0.0029666,0.000113655,0.000177036,0.0435247,0.000318371,2.5277e-05,0.0438805,0.0471381,73.4479,72.8524
cuda,,4000 x 4000,1000,200,0.00292297,0.000114649,0.000173457,0.0435658,0.000312406,2.6958e-05,0.0439169,0.0471281,73.3787,72.7921
cuda,,4000 x 4000,1000,200,0.00295204,0.000112438,0.000173319,0.0435626,0.000311911,2.1016e-05,0.0439049,0.0471429,73.384,72.8119
cuda,,4000 x 4000,1000,200,0.00294115,0.000115827,0.000175345,0.0435821,0.000309138,2.3797e-05,0.043927,0.0471595,73.3512,72.7754
cuda,,4000 x 4000,1000,200,0.00293679,0.000109851,0.000173126,0.0435767,0.000314853,2.2819e-05,0.0439259,0.0471458,73.3603,72.7772
cuda,,4000 x 4000,100,200,0.0020293,0.00011277,0.000174088,0.0436132,0.000305337,2.4893e-05,0.0439551,0.0462714,73.2989,72.7289
cuda,,4000 x 4000,100,200,0.00202548,0.000111878,0.000174233,0.0435573,0.00031416,2.4151e-05,0.0439077,0.0462195,73.393,72.8073
cuda,,4000 x 4000,100,200,0.00202695,0.000111157,0.000173389,0.043549,0.000315267,1.994e-05,0.0438939,0.0462056,73.4069,72.8301
cuda,,4000 x 4000,100,200,0.00202682,0.000114176,0.000174342,0.043602,0.000310222,2.1925e-05,0.0439464,0.046262,73.3178,72.7431
cuda,,4000 x 4000,100,200,0.00203695,0.000117206,0.000173333,0.0435932,0.000309973,2.2879e-05,0.0439377,0.0462654,73.3326,72.7576
cuda,,4000 x 4000,16000,200,0.00443125,0.000116719,0.000177472,0.0443199,0.000315903,2.62e-05,0.0446734,0.049399,72.1301,71.5594
cuda,,4000 x 4000,16000,200,0.00440585,0.00011981,0.000179616,0.0442555,0.000326727,2.5595e-05,0.0446197,0.0493251,72.235,71.6455
cuda,,4000 x 4000,16000,200,0.00441368,0.000121439,0.000178661,0.0442921,0.000328276,1.8581e-05,0.044648,0.049362,72.1754,71.6001
cuda,,4000 x 4000,16000,200,0.00448946,0.000123727,0.00017668,0.0442495,0.000313563,2.287e-05,0.0445982,0.0493883,72.2449,71.6801
cuda,,4000 x 4000,16000,200,0.00460378,0.000115266,0.000176841,0.0442399,0.000315802,2.2852e-05,0.0445904,0.0494865,72.2606,71.6926
cuda,,4000 x 4000,2000,200,0.00298384,0.000114571,0.000175103,0.0435996,0.000310392,2.6022e-05,0.043948,0.0472219,73.3219,72.7406
cuda,,4000 x 4000,2000,200,0.00298173,0.000114586,0.000175584,0.0435691,0.000311597,2.3845e-05,0.0439162,0.0471883,73.3731,72.7932
cuda,,4000 x 4000,2000,200,0.00298659,0.000115638,0.000176543,0.0435435,0.000311444,1.8259e-05,0.0438825,0.0471615,73.4162,72.8491
cuda,,4000 x 4000,2000,200,0.00296803,0.000111748,0.000173383,0.0436099,0.000314635,2.5042e-05,0.0439613,0.0472146,73.3045,72.7186
cuda,,4000 x 4000,2000,200,0.00300179,0.000117245,0.000175265,0.0435963,0.000308295,2.3779e-05,0.0439398,0.0472343,73.3273,72.7541
cuda,,4000 x 4000,250,200,0.00289665,0.000114202,0.000175746,0.0435507,0.000306296,2.618e-05,0.0438965,0.0470834,73.4042,72.8258
cuda,,4000 x 4000,250,200,0.00288999,0.000114786,0.000173621,0.0435664,0.000314853,2.2746e-05,0.0439165,0.0470951,73.3777,72.7927
cuda,,4000 x 4000,250,200,0.0029045,0.000111905,0.000175527,0.0435873,0.000313191,1.9632e-05,0.0439302,0.0471223,73.3425,72.7701
cuda,,4000 x 4000,250,200,0.00291326,0.000112968,0.00017367,0.0435516,0.000314661,2.3152e-05,0.043902,0.0471021,73.4026,72.8168
cuda,,4000 x 4000,250,200,0.00286852,0.000111622,0.000176092,0.043557,0.000314116,2.2897e-05,0.0439056,0.047062,73.3934,72.8109
cuda,,4000 x 4000,500,200,0.00292031,0.000114537,0.000175518,0.0436171,0.000307985,2.4175e-05,0.0439615,0.0471721,73.2923,72.7181
cuda,,4000 x 4000,500,200,0.00293381,0.000112245,0.000175255,0.0435748,0.000307362,2.5018e-05,0.0439186,0.0471402,73.3636,72.7892
cuda,,4000 x 4000,500,200,0.00292261,0.000112788,0.000176658,0.0435875,0.000307557,1.8781e-05,0.0439237,0.0471359,73.3422,72.7808
cuda,,4000 x 4000,500,200,0.0029262,0.000113859,0.000176546,0.0436028,0.000309876,2.3812e-05,0.0439489,0.0471658,73.3164,72.739
cuda,,4000 x 4000,500,200,0.0029671,0.000110318,0.000175813,0.0435767,0.000307994,2.3533e-05,0.0439207,0.0471742,73.3604,72.7857
cuda,,4000 x 4000,50,200,0.0014375,0.000110614,0.000176374,0.0435241,0.00030947,2.4495e-05,0.0438718,0.0455965,73.4491,72.8669
cuda,,4000 x 4000,50,200,0.00142939,0.00010971,0.000175629,0.0435806,0.000317196,2.5318e-05,0.0439347,0.0456496,73.3537,72.7626
cuda,,4000 x 4000,50,200,0.00142446,0.000113705,0.00017493,0.0435487,0.000316002,1.9621e-05,0.0438945,0.0456078,73.4075,72.8292
cuda,,4000 x 4000,50,200,0.00143757,0.000109452,0.000174491,0.0436033,0.000307975,2.2683e-05,0.0439494,0.0456712,73.3157,72.7383
cuda,,4000 x 4000,50,200,0.00144821,0.000114838,0.000174294,0.0436057,0.000317349,2.2199e-05,0.0439572,0.0456948,73.3115,72.7253
cuda,,4000 x 4000,8000,200,0.00378763,0.000114781,0.000179501,0.0443141,0.000315291,2.524e-05,0.0446671,0.0487492,72.1396,71.5695
cuda,,4000 x 4000,8000,200,0.00375963,0.000122137,0.000180775,0.0441906,0.000314393,2.4313e-05,0.0445427,0.0486055,72.3412,71.7694
cuda,,4000 x 4000,8000,200,0.00373361,0.000122249,0.000177398,0.0443032,0.000317067,1.9757e-05,0.0446497,0.0486832,72.1573,71.5973
cuda,,4000 x 4000,8000,200,0.00384767,0.000123895,0.000176964,0.0442813,0.000309155,2.2139e-05,0.0446246,0.0487733,72.193,71.6377
cuda,,4000 x 4000,8000,200,0.00387792,0.000117447,0.000178493,0.0442734,0.000325988,2.5247e-05,0.0446362,0.0488102,72.2059,71.6191
cuda,,4000 x 4000,4000,1000,0.00311003,0.000116021,0.000175478,0.217942,0.000310554,2.564e-05,0.218312,0.221713,73.3406,73.2164
cuda,,4000 x 4000,4000,1000,0.00314449,0.000112654,0.000178126,0.217911,0.000317269,2.4291e-05,0.218286,0.221722,73.351,73.225
cuda,,4000 x 4000,4000,1000,0.00313959,0.000112978,0.000173975,0.217768,0.000304296,2.0809e-05,0.218125,0.221552,73.3991,73.2792
cuda,,4000 x 4000,4000,1000,0.00315254,0.000115306,0.000174425,0.217806,0.000315733,2.4679e-05,0.21818,0.221622,73.3864,73.2607
cuda,,4000 x 4000,4000,1000,0.00316678,0.00011692,0.000174716,0.217866,0.000314167,2.4035e-05,0.218236,0.221695,73.3663,73.2417
cuda,,4000 x 4000,4000,100,0.00345332,0.000115796,0.0001785,0.0221392,0.000323726,2.5576e-05,0.0224978,0.0262457,72.1977,71.0469
cuda,,4000 x 4000,4000,100,0.00349071,0.000115379,0.000179647,0.0221154,0.000321885,2.4621e-05,0.0224712,0.0262571,72.2754,71.1311
cuda,,4000 x 4000,4000,100,0.00346696,0.000121675,0.000179064,0.0221217,0.000321684,1.9353e-05,0.0224692,0.0262371,72.2549,71.1372
cuda,,4000 x 4000,4000,100,0.00342778,0.000122035,0.000179278,0.0221795,0.00031889,2.3405e-05,0.0225312,0.0262605,72.0667,70.9416
cuda,,4000 x 4000,4000,100,0.00341243,0.000118474,0.000178931,0.0221613,0.000312816,2.2908e-05,0.0225056,0.0262156,72.1257,71.0223
cuda,,4000 x 4000,4000,10,0.00344836,0.000115311,0.000178723,0.00223045,0.000320295,2.4258e-05,0.00258174,0.00632431,71.6626,61.9117
cuda,,4000 x 4000,4000,10,0.00345087,0.000119342,0.000179004,0.00221596,0.000321117,2.2342e-05,0.00256571,0.00631514,72.1312,62.2986
cuda,,4000 x 4000,4000,10,0.00344215,0.000120556,0.000179543,0.00223876,0.000312535,1.8112e-05,0.00257335,0.00631578,71.3966,62.1136
cuda,,4000 x 4000,4000,10,0.00341402,0.000115295,0.000178474,0.00222437,0.00032541,2.3164e-05,0.00257928,0.00628729,71.8584,61.9707
cuda,,4000 x 4000,4000,10,0.00357189,0.000114969,0.000178381,0.00222702,0.000313517,2.2841e-05,0.00257036,0.00643582,71.773,62.1858
cuda,,4000 x 4000,4000,1,0.00345599,0.000116662,0.000178595,0.000231867,0.000314227,2.4254e-05,0.000577496,0.00432898,68.9361,27.6781
cuda,,4000 x 4000,4000,1,0.00347298,0.000121966,0.000179041,0.00023309,0.00032228,2.4652e-05,0.000586799,0.00436099,68.5744,27.2393
cuda,,4000 x 4000,4000,1,0.00348538,0.000114746,0.000178651,0.000235178,0.000312101,1.9017e-05,0.000570606,0.00434962,67.9656,28.0123
cuda,,4000 x 4000,4000,1,0.00346078,0.000119543,0.000178811,0.000231502,0.000311741,2.4375e-05,0.000574355,0.00433369,69.0448,27.8295
cuda,,4000 x 4000,4000,1,0.00345938,0.000114814,0.000177589,0.000230488,0.000311856,2.2622e-05,0.000571462,0.00432348,69.3485,27.9704
cuda,,4000 x 4000,4000,25,0.00342858,0.000114913,0.0001791,0.00554983,0.000316426,2.3702e-05,0.00589705,0.00961985,72.0023,67.7627
cuda,,4000 x 4000,4000,25,0.00344503,0.000118269,0.000177598,0.00554454,0.000315902,2.4613e-05,0.00589192,0.00963302,72.071,67.8217
cuda,,4000 x 4000,4000,25,0.00347106,0.000121276,0.000178894,0.00553604,0.000325548,1.9153e-05,0.00588568,0.00965708,72.1816,67.8937
cuda,,4000 x 4000,4000,25,0.00343925,0.000115685,0.000178825,0.00552576,0.00031184,2.2486e-05,0.00586792,0.00960187,72.3158,68.0991
cuda,,4000 x 4000,4000,25,0.00352357,0.000122994,0.000177259,0.00555002,0.000310932,2.2352e-05,0.00589062,0.00971462,71.9998,67.8367
cuda,,4000 x 4000,4000,500,0.00343892,0.000116161,0.000178454,0.110726,0.000320334,2.5125e-05,0.111093,0.114826,72.1781,71.94
cuda,,4000 x 4000,4000,500,0.00345786,0.000121314,0.000179562,0.110524,0.000322333,2.3827e-05,0.11089,0.114649,72.3103,72.0713
cuda,,4000 x 4000,4000,500,0.00344455,0.000121535,0.000178224,0.11059,0.000314704,1.8834e-05,0.110941,0.114686,72.2669,72.0382
cuda,,4000 x 4000,4000,500,0.00347824,0.000122285,0.000177957,0.110559,0.000317112,2.4223e-05,0.11092,0.114699,72.287,72.0519
cuda,,4000 x 4000,4000,500,0.00343904,0.000116194,0.000179666,0.110484,0.000314869,2.4769e-05,0.110844,0.114579,72.3363,72.1015
cuda,,4000 x 4000,4000,50,0.00350878,0.000116247,0.000178158,0.0110752,0.0003258,2.2844e-05,0.0114317,0.0152351,72.1615,69.9107
cuda,,4000 x 4000,4000,50,0.00350542,0.000122432,0.000177127,0.0110527,0.000316207,2.5389e-05,0.0114024,0.0152076,72.3079,70.0904
cuda,,4000 x 4000,4000,50,0.00348261,0.000122213,0.000177727,0.0110911,0.000314706,1.8978e-05,0.0114306,0.0152134,72.0577,69.9177
cuda,,4000 x 4000,4000,50,0.00345496,0.000116072,0.000178146,0.011083,0.000316208,2.2633e-05,0.0114293,0.0151787,72.1104,69.9253
cuda,,4000 x 4000,4000,50,0.00346441,0.000116489,0.000180412,0.0110762,0.000312412,2.3135e-05,0.0114197,0.0151813,72.1545,69.9843
cuda,,4000 x 4000,4000,5,0.00344059,0.000122619,0.000178341,0.00112962,0.000313143,2.3956e-05,0.00147284,0.0052146,70.7496,54.2626
cuda,,4000 x 4000,4000,5,0.0034164,0.00012129,0.000179578,0.00111901,0.000322817,2.5343e-05,0.00147353,0.00519102,71.4204,54.2369
cuda,,4000 x 4000,4000,5,0.00344953,0.000115701,0.000178721,0.00112176,0.000316561,1.9589e-05,0.0014622,0.00520635,71.2455,54.6575
cuda,,4000 x 4000,4000,5,0.00342562,0.000116791,0.000177628,0.00111211,0.000319409,2.1803e-05,0.00146092,0.00518116,71.8631,54.7053
cuda,,4000 x 4000,4000,5,0.00347256,0.000116459,0.00017709,0.00112144,0.000311561,2.2182e-05,0.00146174,0.00522805,71.2655,54.6747
omp,32,1000 x 1000,4000,200,0.00984534,0.000100056,0.00050794,0.0142956,0.000101981,1.8216e-05,0.0144287,0.0248823,13.9344,13.8058
omp,32,1000 x 1000,4000,200,0.00981216,9.0968e-05,0.000161955,0.0148477,0.000100177,1.808e-05,0.0149759,0.0250412,13.4163,13.3015
omp,32,1000 x 1000,4000,200,0.0101327,0.000104447,0.000504899,0.0267625,0.000192838,1.8596e-05,0.0269838,0.0377261,7.44329,7.38223
omp,32,1000 x 1000,4000,200,0.0101048,0.000102033,0.000166895,0.0261257,0.00021689,1.8866e-05,0.026373,0.0367469,7.62472,7.55321
omp,32,1000 x 1000,4000,200,0.00997632,7.3484e-05,0.000501111,0.0152712,9.9504e-05,1.9401e-05,0.015415,0.0259661,13.0442,12.9225
omp,32,12000 x 12000,4000,200,1.26282,0.00803071,0.0283537,7.14212,0.0299639,2.7279e-05,7.17215,8.47135,4.03107,4.01419
omp,32,12000 x 12000,4000,200,1.2615,0.00792734,0.0308802,7.66429,0.0305008,3.0901e-05,7.69486,8.99517,3.75643,3.74151
omp,32,12000 x 12000,4000,200,1.26149,0.00795475,0.0284567,7.32167,0.0302351,3.8626e-05,7.35199,8.64989,3.93222,3.916
omp,32,12000 x 12000,4000,200,1.2621,0.007973,0.0282928,7.26628,0.0305887,3.9651e-05,7.29695,8.59532,3.96219,3.94554
omp,32,12000 x 12000,4000,200,1.26148,0.00793381,0.0284226,7.25007,0.0303089,3.7529e-05,7.28047,8.5783,3.97105,3.95447
omp,32,16000 x 16000,4000,200,2.23778,0.0133505,0.0505223,13.037,0.0527402,3.0167e-05,13.0898,15.3915,3.9263,3.91046
omp,32,16000 x 16000,4000,200,2.23683,0.013419,0.0551537,13.5683,0.0539473,3.2251e-05,13.6223,15.9277,3.77256,3.7576
omp,32,16000 x 16000,4000,200,2.2382,0.0133756,0.0514287,13.3286,0.0535499,3.6142e-05,13.3823,15.6853,3.8404,3.825
omp,32,16000 x 16000,4000,200,2.23793,0.0134333,0.0511786,13.5599,0.0539565,4.1706e-05,13.6139,15.9164,3.77491,3.75992
omp,32,16000 x 16000,4000,200,2.23694,0.0135736,0.0511478,13.0576,0.0532393,3.6516e-05,13.111,15.4126,3.92009,3.90415
omp,32,2000 x 2000,4000,200,0.036664,0.000572479,0.000655189,0.126704,0.000441087,2.322e-05,0.12718,0.165072,6.30129,6.27772
omp,32,2000 x 2000,4000,200,0.0367462,0.000698648,0.000488196,0.125574,0.000461121,3.0708e-05,0.126093,0.164026,6.35802,6.33184
omp,32,2000 x 2000,4000,200,0.0369184,0.000846805,0.000470547,0.125185,0.000482798,3.5786e-05,0.125728,0.163964,6.37779,6.35024
omp,32,2000 x 2000,4000,200,0.0376345,0.00069878,0.000472252,0.127776,0.000453324,3.3829e-05,0.128281,0.167086,6.24843,6.22387
omp,32,2000 x 2000,4000,200,0.0368665,0.000590739,0.000485311,0.124634,0.000440942,3.1606e-05,0.125136,0.163079,6.40596,6.38025
omp,32,500 x 500,4000,200,0.00501647,9.0646e-05,0.00010981,0.00592449,3.308e-05,1.6219e-05,0.00598501,0.0112021,8.37217,8.28751
omp,32,500 x 500,4000,200,0.00476343,9.4218e-05,0.000116315,0.00467049,3.3354e-05,1.7513e-05,0.00473099,0.00970521,10.62,10.4842
omp,32,500 x 500,4000,200,0.00457615,0.000102714,0.000108777,0.00546613,3.1684e-05,1.8457e-05,0.00552571,0.0103136,9.0742,8.97637
omp,32,500 x 500,4000,200,0.00543248,0.000109309,0.000116606,0.00464293,3.2192e-05,1.8608e-05,0.00470491,0.0103635,10.6831,10.5423
omp,32,500 x 500,4000,200,0.00490083,0.000107152,0.000106465,0.00549795,3.3278e-05,1.6647e-05,0.00555714,0.0106718,9.02169,8.9256
omp,32,6000 x 6000,4000,200,0.31807,0.00241354,0.0067837,1.74096,0.00773222,2.5442e-05,1.74875,2.07602,4.1329,4.11448
omp,32,6000 x 6000,4000,200,0.317944,0.00241076,0.0070741,1.90379,0.00771857,3.1667e-05,1.91158,2.23901,3.7794,3.764
omp,32,6000 x 6000,4000,200,0.318071,0.00242248,0.00678873,1.75601,0.00794475,4.3219e-05,1.76404,2.09132,4.09748,4.07882
omp,32,6000 x 6000,4000,200,0.317931,0.00244556,0.00684569,1.75215,0.0076963,3.8039e-05,1.75994,2.08716,4.10649,4.08833
omp,32,6000 x 6000,4000,200,0.318062,0.0024176,0.00689347,1.75793,0.00771265,3.6674e-05,1.76571,2.09309,4.09299,4.07496
omp,32,8000 x 8000,4000,200,0.563265,0.00403082,0.0122276,3.13506,0.0135825,3.0444e-05,3.14871,3.72824,4.08081,4.06312
omp,32,8000 x 8000,4000,200,0.563061,0.00394225,0.013164,3.5013,0.0137623,3.0734e-05,3.51513,4.09529,3.65396,3.63958
omp,32,8000 x 8000,4000,200,0.563055,0.00398186,0.0124684,3.1908,0.0138024,3.6495e-05,3.2047,3.7842,4.00953,3.99214
omp,32,8000 x 8000,4000,200,0.563084,0.00396028,0.0123432,3.16212,0.0137137,3.9839e-05,3.17593,3.75532,4.04589,4.0283
omp,32,8000 x 8000,4000,200,0.564658,0.00394389,0.0126003,3.194,0.0136558,4.8811e-05,3.20775,3.78896,4.00552,3.98834
omp,32,4000 x 4000,1000,200,0.141991,0.000776544,0.00304927,0.781775,0.00372257,2.8251e-05,0.785578,0.931395,4.08916,4.06936
omp,32,4000 x 4000,1000,200,0.141809,0.000776567,0.00311535,0.80396,0.00455347,3.1957e-05,0.808562,0.954264,3.97632,3.95368
omp,32,4000 x 4000,1000,200,0.141935,0.000825498,0.00303849,0.782238,0.00371854,3.1427e-05,0.786022,0.931821,4.08674,4.06706
omp,32,4000 x 4000,1000,200,0.141862,0.0162692,0.00327427,0.787166,0.00371745,3.6782e-05,0.790954,0.952359,4.06115,4.0417
omp,32,4000 x 4000,1000,200,0.141942,0.000796269,0.00309846,0.787084,0.00373791,3.7094e-05,0.790896,0.936733,4.06158,4.042
omp,32,4000 x 4000,100,200,0.128339,0.000790074,0.00302811,0.782661,0.00371857,2.6329e-05,0.786421,0.918579,4.08453,4.065
omp,32,4000 x 4000,100,200,0.128774,0.000813613,0.00308301,0.805742,0.00369913,3.1907e-05,0.8095,0.942171,3.96753,3.94911
omp,32,4000 x 4000,100,200,0.12978,0.000776594,0.00304476,0.781821,0.00365838,3.1956e-05,0.785546,0.919148,4.08892,4.06953
omp,32,4000 x 4000,100,200,0.128305,0.000794372,0.0030829,0.786855,0.00370563,3.8112e-05,0.790663,0.922845,4.06276,4.04319
omp,32,4000 x 4000,100,200,0.129188,0.00084894,0.00310496,0.788177,0.00461611,3.5809e-05,0.792863,0.926005,4.05594,4.03197
omp,32,4000 x 4000,16000,200,0.149823,0.000797138,0.00305503,0.782037,0.0036871,2.5579e-05,0.785781,0.939457,4.08779,4.06831
omp,32,4000 x 4000,16000,200,0.149999,0.000790639,0.00309845,0.802615,0.00368585,3.1571e-05,0.806368,0.960256,3.98298,3.96444
omp,32,4000 x 4000,16000,200,0.149816,0.000769203,0.00306672,0.782098,0.00365405,3.1781e-05,0.785812,0.939464,4.08747,4.06815
omp,32,4000 x 4000,16000,200,0.150041,0.000804641,0.0030726,0.78815,0.00369884,4.0927e-05,0.791921,0.945839,4.05608,4.03677
omp,32,4000 x 4000,16000,200,0.150063,0.00080896,0.00308022,0.787824,0.00376355,3.3616e-05,0.791668,0.94562,4.05776,4.03806
omp,32,4000 x 4000,2000,200,0.142108,0.000780479,0.00308692,0.781815,0.00366766,2.8065e-05,0.785556,0.931531,4.08895,4.06948
omp,32,4000 x 4000,2000,200,0.14197,0.000802803,0.00322458,0.802356,0.00372099,3.2267e-05,0.806144,0.952142,3.98427,3.96554
omp,32,4000 x 4000,2000,200,0.150539,0.000829281,0.00331583,0.78022,0.00366162,3.0728e-05,0.783945,0.938629,4.09731,4.07784
omp,32,4000 x 4000,2000,200,0.142108,0.000766567,0.00307718,0.787467,0.00371809,3.8915e-05,0.791262,0.937214,4.0596,4.04013
omp,32,4000 x 4000,2000,200,0.142148,0.000788446,0.00314121,0.786745,0.00370577,3.4324e-05,0.790538,0.936616,4.06333,4.04383
omp,32,4000 x 4000,250,200,0.1416,0.000775683,0.00308791,0.79859,0.0036826,2.8525e-05,0.802329,0.947792,4.00305,3.9844
omp,32,4000 x 4000,250,200,0.141643,0.000798027,0.00314233,0.805272,0.00373826,3.1279e-05,0.809066,0.95465,3.96984,3.95122
omp,32,4000 x 4000,250,200,0.141499,0.000777015,0.00305381,0.783581,0.00372548,3.1985e-05,0.787362,0.932692,4.07973,4.06014
omp,32,4000 x 4000,250,200,0.141615,0.000801801,0.00306003,0.787374,0.00375275,3.6664e-05,0.791194,0.93667,4.06008,4.04048
omp,32,4000 x 4000,250,200,0.141503,0.000781309,0.00318891,0.787838,0.00372966,3.4814e-05,0.791636,0.937109,4.05769,4.03822
omp,32,4000 x 4000,500,200,0.141822,0.000779248,0.00306819,0.781636,0.00375077,2.8046e-05,0.785444,0.931114,4.08988,4.07005
omp,32,4000 x 4000,500,200,0.141755,0.000769113,0.00313643,0.819497,0.00369863,3.0529e-05,0.82325,0.968912,3.90093,3.88315
omp,32,4000 x 4000,500,200,0.141751,0.000785485,0.00303931,0.782811,0.00369544,3.3254e-05,0.786578,0.932154,4.08374,4.06419
omp,32,4000 x 4000,500,200,0.141609,0.000856042,0.00305279,0.7877,0.00378009,3.9789e-05,0.791574,0.937091,4.0584,4.03854
omp,32,4000 x 4000,500,200,0.141697,0.000799838,0.00311215,0.786984,0.00380715,3.3806e-05,0.790861,0.93647,4.06209,4.04218
omp,32,4000 x 4000,50,200,0.0861557,0.000773206,0.00305343,0.781791,0.00366021,3.0073e-05,0.785514,0.875496,4.08907,4.06969
omp,32,4000 x 4000,50,200,0.085728,0.000806177,0.00311386,0.807964,0.00371033,3.2267e-05,0.811744,0.901392,3.95661,3.93819
omp,32,4000 x 4000,50,200,0.0857376,0.000842516,0.00306973,0.781122,0.00367318,3.4912e-05,0.784855,0.874505,4.09258,4.07311
omp,32,4000 x 4000,50,200,0.085725,0.000790408,0.00305737,0.786232,0.00375304,3.9756e-05,0.790066,0.879639,4.06598,4.04625
omp,32,4000 x 4000,50,200,0.0856886,0.00079261,0.00310996,0.786928,0.00374183,3.3944e-05,0.790734,0.880325,4.06238,4.04283
omp,32,4000 x 4000,8000,200,0.143527,0.000822054,0.0032609,0.782764,0.00365072,2.6911e-05,0.786468,0.934078,4.08399,4.06476
omp,32,4000 x 4000,8000,200,0.143734,0.000770378,0.00312908,0.802602,0.00370449,3.4871e-05,0.806366,0.954,3.98305,3.96445
omp,32,4000 x 4000,8000,200,0.143283,0.000766813,0.0030404,0.781567,0.0038049,3.2845e-05,0.785421,0.932512,4.09025,4.07018
omp,32,4000 x 4000,8000,200,0.143168,0.000802835,0.0030762,0.788276,0.00375568,3.5709e-05,0.792098,0.939146,4.05543,4.03586
omp,32,4000 x 4000,8000,200,0.143387,0.000845366,0.00312825,0.787955,0.00374947,3.7132e-05,0.791778,0.939139,4.05709,4.0375
omp,32,4000 x 4000,4000,1000,0.142435,0.000778682,0.00310791,4.01359,0.00372557,4.2021e-05,4.01758,4.1639,3.98247,3.97852
omp,32,4000 x 4000,4000,1000,0.143012,0.00081846,0.00309991,4.01262,0.00370048,3.3392e-05,4.01642,4.16335,3.98343,3.97967
omp,32,4000 x 4000,4000,1000,0.142473,0.00139094,0.00312171,4.05238,0.00366741,3.4258e-05,4.05616,4.20315,3.94435,3.94067
omp,32,4000 x 4000,4000,1000,0.142562,0.000912685,0.00305317,4.05426,0.00373359,4.0273e-05,4.05826,4.20479,3.94252,3.93864
omp,32,4000 x 4000,4000,1000,0.142525,0.000857588,0.00307644,4.05949,0.00370616,4.1227e-05,4.06344,4.2099,3.93745,3.93361
omp,32,4000 x 4000,4000,100,0.1426,0.000771111,0.00309036,0.39183,0.0037216,2.6527e-05,0.395595,0.542056,4.07932,4.0405
omp,32,4000 x 4000,4000,100,0.142439,0.000939957,0.0031259,0.401573,0.00368297,3.1559e-05,0.4053,0.551805,3.98034,3.94375
omp,32,4000 x 4000,4000,100,0.142494,0.000793709,0.00310626,0.389928,0.00371356,2.9494e-05,0.393688,0.540082,4.09922,4.06007
omp,32,4000 x 4000,4000,100,0.142385,0.000808934,0.00309118,0.393034,0.00365841,3.9765e-05,0.396756,0.543042,4.06683,4.02867
omp,32,4000 x 4000,4000,100,0.142596,0.000808657,0.00314577,0.393088,0.00377203,3.3244e-05,0.396928,0.543478,4.06626,4.02693
omp,32,4000 x 4000,4000,10,0.14266,0.000784085,0.00305453,0.0395592,0.00368488,2.5734e-05,0.0432762,0.189775,4.04053,3.69349
omp,32,4000 x 4000,4000,10,0.142416,0.00081391,0.00311462,0.040179,0.00369184,2.7534e-05,0.0439051,0.19025,3.97819,3.64058
omp,32,4000 x 4000,4000,10,0.142481,0.000893473,0.00305156,0.0391205,0.00367155,2.9069e-05,0.0428287,0.189255,4.08584,3.73208
omp,32,4000 x 4000,4000,10,0.142483,0.000802366,0.00308526,0.0397487,0.00372526,3.6839e-05,0.0435283,0.1899,4.02126,3.67209
omp,32,4000 x 4000,4000,10,0.142401,0.000878496,0.0031098,0.0398138,0.00366412,3.3488e-05,0.0435237,0.189913,4.01469,3.67248
omp,32,4000 x 4000,4000,1,0.142482,0.00078203,0.00304716,0.00415115,0.00372574,2.4629e-05,0.00790712,0.154219,3.8505,2.02147
omp,32,4000 x 4000,4000,1,0.142494,0.000780267,0.00309282,0.0042147,0.00370753,2.8391e-05,0.007957,0.154324,3.79244,2.0088
omp,32,4000 x 4000,4000,1,0.14364,0.000799744,0.00309541,0.00419709,0.00368152,2.9225e-05,0.0079143,0.15545,3.80835,2.01964
omp,32,4000 x 4000,4000,1,0.142874,0.000788513,0.00335442,0.00442367,0.00375974,3.3906e-05,0.00822639,0.155244,3.61329,1.94302
omp,32,4000 x 4000,4000,1,0.142445,0.000804443,0.00308629,0.00418781,0.00365705,3.5157e-05,0.00788986,0.154226,3.8168,2.02589
omp,32,4000 x 4000,4000,25,0.14263,0.000782285,0.00307676,0.097607,0.0036922,2.6745e-05,0.101336,0.247825,4.09397,3.94334
omp,32,4000 x 4000,4000,25,0.142386,0.000787524,0.00312964,0.100916,0.00373596,2.9335e-05,0.10469,0.250993,3.95974,3.81699
omp,32,4000 x 4000,4000,25,0.142522,0.000859771,0.00307604,0.0986664,0.0036947,3.1025e-05,0.102402,0.24886,4.05001,3.90226
omp,32,4000 x 4000,4000,25,0.142531,0.000800229,0.00307229,0.0986265,0.00368464,3.738e-05,0.10236,0.248765,4.05165,3.90385
omp,32,4000 x 4000,4000,25,0.142976,0.000792727,0.00306338,0.0984497,0.00369944,3.9691e-05,0.102201,0.249033,4.05893,3.90994
omp,32,4000 x 4000,4000,500,0.142487,0.000800897,0.00324976,1.97934,0.00367924,2.643e-05,1.98307,2.12961,4.03772,4.03012
omp,32,4000 x 4000,4000,500,0.142545,0.000771042,0.00313987,2.01037,0.00372444,3.2626e-05,2.01421,2.16067,3.97539,3.96781
omp,32,4000 x 4000,4000,500,0.142509,0.000777053,0.00308133,1.98015,0.00370687,3.2724e-05,1.98397,2.13033,4.03606,4.02829
omp,32,4000 x 4000,4000,500,0.142534,0.00156749,0.00303518,1.9871,0.00379749,4.0182e-05,1.99101,2.13815,4.02195,4.01404
omp,32,4000 x 4000,4000,500,0.142836,0.000782698,0.00309612,1.98796,0.00370588,4.0664e-05,1.99182,2.13853,4.0202,4.01242
omp,32,4000 x 4000,4000,50,0.142548,0.000802852,0.00308508,0.195233,0.0038432,2.679e-05,0.199114,0.345551,4.09357,4.01377
omp,32,4000 x 4000,4000,50,0.142334,0.000758879,0.00312812,0.200149,0.00372779,3.045e-05,0.203915,0.350136,3.99303,3.91928
omp,32,4000 x 4000,4000,50,0.142958,0.000800822,0.00305179,0.1952,0.00370249,3.1272e-05,0.198942,0.345753,4.09426,4.01725
omp,32,4000 x 4000,4000,50,0.143484,0.000793662,0.00306492,0.196723,0.00368439,3.8385e-05,0.200466,0.347809,4.06256,3.98671
omp,32,4000 x 4000,4000,50,0.142475,0.000778022,0.00321757,0.197201,0.00375088,3.381e-05,0.201001,0.347472,4.05271,3.9761
omp,32,4000 x 4000,4000,5,0.142609,0.000780004,0.00307386,0.0197887,0.00367543,2.4972e-05,0.0234947,0.169957,4.03867,3.40162
omp,32,4000 x 4000,4000,5,0.14237,0.000790026,0.00309484,0.0203381,0.0037746,3.5566e-05,0.0241552,0.170411,3.92957,3.30861
omp,32,4000 x 4000,4000,5,0.142763,0.000819891,0.00304161,0.020479,0.00371245,2.956e-05,0.0242275,0.170853,3.90254,3.29874
omp,32,4000 x 4000,4000,5,0.142596,0.000806906,0.00310038,0.0198753,0.0037254,3.5171e-05,0.0236459,0.17015,4.02107,3.37987
omp,32,4000 x 4000,4000,5,0.142464,0.000924442,0.003107,0.0199924,0.00385053,3.1795e-05,0.0238846,0.17038,3.99752,3.34609
